GSS	multiple_deprivation_measure_rank_dec	multiple_deprivation_measure_rank_dec_fac	income_domain_rank_dec	income_domain_rank_dec_fac	employment_domain_rank_dec	employment_domain_rank_dec_fac	health_deprivation_and_disability_domain_rank_dec	health_deprivation_and_disability_domain_rank_dec_fac	education_skills_and_training_domain_rank_dec	education_skills_and_training_domain_rank_dec_fac	access_to_services_domain_rank_dec	access_to_services_domain_rank_dec_fac	living_environment_domain_rank_dec	living_environment_domain_rank_dec_fac	crime_and_disorder_domain_rank_dec	crime_and_disorder_domain_rank_dec_fac
95AA01S1	6	dec06	9	dec09	10	dec10-lowd	10	dec10-lowd	3	dec03	1	dec01-highd	1	dec01-highd	10	dec10-lowd
95AA01S2	9	dec09	9	dec09	9	dec09	9	dec09	9	dec09	2	dec02	9	dec09	10	dec10-lowd
95AA01S3	8	dec08	7	dec07	8	dec08	9	dec09	8	dec08	2	dec02	5	dec05	9	dec09
95AA02W1	5	dec05	9	dec09	4	dec04	3	dec03	3	dec03	6	dec06	8	dec08	2	dec02
95AA03W1	3	dec03	4	dec04	3	dec03	2	dec02	3	dec03	5	dec05	9	dec09	2	dec02
95AA04W1	7	dec07	6	dec06	9	dec09	9	dec09	9	dec09	1	dec01-highd	5	dec05	7	dec07
95AA05W1	7	dec07	6	dec06	7	dec07	7	dec07	9	dec09	2	dec02	8	dec08	9	dec09
95AA06S1	7	dec07	9	dec09	6	dec06	4	dec04	6	dec06	4	dec04	10	dec10-lowd	4	dec04
95AA06S2	7	dec07	8	dec08	6	dec06	5	dec05	5	dec05	5	dec05	10	dec10-lowd	4	dec04
95AA07W1	7	dec07	5	dec05	7	dec07	7	dec07	7	dec07	3	dec03	6	dec06	7	dec07
95AA08W1	2	dec02	4	dec04	2	dec02	2	dec02	2	dec02	4	dec04	9	dec09	1	dec01-highd
95AA09W1	4	dec04	5	dec05	3	dec03	4	dec04	3	dec03	6	dec06	9	dec09	3	dec03
95AA10W1	4	dec04	6	dec06	3	dec03	3	dec03	3	dec03	5	dec05	10	dec10-lowd	1	dec01-highd
95AA11S1	8	dec08	9	dec09	8	dec08	5	dec05	6	dec06	7	dec07	9	dec09	2	dec02
95AA11S2	9	dec09	10	dec10-lowd	10	dec10-lowd	8	dec08	7	dec07	6	dec06	9	dec09	5	dec05
95AA12W1	8	dec08	7	dec07	10	dec10-lowd	10	dec10-lowd	10	dec10-lowd	1	dec01-highd	9	dec09	8	dec08
95AA13S1	8	dec08	9	dec09	7	dec07	6	dec06	6	dec06	4	dec04	5	dec05	4	dec04
95AA13S2	8	dec08	9	dec09	7	dec07	5	dec05	6	dec06	6	dec06	9	dec09	5	dec05
95AA14W1	7	dec07	8	dec08	9	dec09	9	dec09	9	dec09	1	dec01-highd	5	dec05	10	dec10-lowd
95AA15S1	7	dec07	8	dec08	8	dec08	5	dec05	5	dec05	5	dec05	10	dec10-lowd	3	dec03
95AA15S2	3	dec03	5	dec05	4	dec04	3	dec03	1	dec01-highd	4	dec04	5	dec05	3	dec03
95AA16W1	4	dec04	7	dec07	4	dec04	3	dec03	1	dec01-highd	8	dec08	9	dec09	3	dec03
95AA17W1	5	dec05	8	dec08	4	dec04	4	dec04	3	dec03	7	dec07	9	dec09	3	dec03
95AA18W1	9	dec09	9	dec09	8	dec08	9	dec09	10	dec10-lowd	3	dec03	4	dec04	7	dec07
95AA19W1	5	dec05	6	dec06	5	dec05	5	dec05	6	dec06	2	dec02	3	dec03	8	dec08
95BB01S1	9	dec09	7	dec07	9	dec09	10	dec10-lowd	8	dec08	3	dec03	8	dec08	10	dec10-lowd
95BB01S2	8	dec08	8	dec08	9	dec09	7	dec07	8	dec08	4	dec04	5	dec05	8	dec08
95BB02W1	3	dec03	4	dec04	3	dec03	3	dec03	3	dec03	5	dec05	8	dec08	4	dec04
95BB03S1	3	dec03	3	dec03	3	dec03	4	dec04	3	dec03	3	dec03	10	dec10-lowd	5	dec05
95BB03S2	5	dec05	3	dec03	6	dec06	7	dec07	4	dec04	3	dec03	7	dec07	6	dec06
95BB04S1	6	dec06	7	dec07	5	dec05	5	dec05	4	dec04	7	dec07	4	dec04	2	dec02
95BB04S2	9	dec09	8	dec08	10	dec10-lowd	10	dec10-lowd	10	dec10-lowd	4	dec04	2	dec02	9	dec09
95BB05S1	6	dec06	4	dec04	7	dec07	8	dec08	8	dec08	2	dec02	3	dec03	9	dec09
95BB05S2	7	dec07	7	dec07	6	dec06	7	dec07	7	dec07	2	dec02	8	dec08	6	dec06
95BB06W1	2	dec02	1	dec01-highd	2	dec02	2	dec02	2	dec02	9	dec09	5	dec05	1	dec01-highd
95BB07S1	4	dec04	3	dec03	4	dec04	4	dec04	4	dec04	8	dec08	8	dec08	2	dec02
95BB07S2	8	dec08	7	dec07	8	dec08	8	dec08	8	dec08	5	dec05	6	dec06	7	dec07
95BB08S1	4	dec04	8	dec08	3	dec03	3	dec03	1	dec01-highd	7	dec07	10	dec10-lowd	3	dec03
95BB08S2	9	dec09	7	dec07	9	dec09	9	dec09	7	dec07	4	dec04	8	dec08	10	dec10-lowd
95BB09S1	8	dec08	5	dec05	9	dec09	10	dec10-lowd	10	dec10-lowd	5	dec05	5	dec05	7	dec07
95BB09S2	9	dec09	8	dec08	10	dec10-lowd	10	dec10-lowd	9	dec09	5	dec05	5	dec05	9	dec09
95BB10S1	6	dec06	5	dec05	5	dec05	6	dec06	7	dec07	9	dec09	6	dec06	2	dec02
95BB10S2	9	dec09	7	dec07	9	dec09	10	dec10-lowd	9	dec09	3	dec03	5	dec05	8	dec08
95BB11S1	3	dec03	3	dec03	2	dec02	3	dec03	2	dec02	4	dec04	10	dec10-lowd	6	dec06
95BB11S2	7	dec07	7	dec07	6	dec06	6	dec06	5	dec05	8	dec08	8	dec08	8	dec08
95BB12S1	2	dec02	1	dec01-highd	2	dec02	2	dec02	1	dec01-highd	8	dec08	3	dec03	2	dec02
95BB12S2	8	dec08	6	dec06	8	dec08	10	dec10-lowd	8	dec08	4	dec04	9	dec09	6	dec06
95BB13S1	4	dec04	2	dec02	5	dec05	6	dec06	5	dec05	5	dec05	10	dec10-lowd	4	dec04
95BB13S2	4	dec04	4	dec04	4	dec04	4	dec04	2	dec02	9	dec09	8	dec08	5	dec05
95BB13S3	9	dec09	8	dec08	8	dec08	8	dec08	6	dec06	5	dec05	10	dec10-lowd	8	dec08
95BB14S1	7	dec07	6	dec06	10	dec10-lowd	10	dec10-lowd	10	dec10-lowd	1	dec01-highd	1	dec01-highd	10	dec10-lowd
95BB14S2	9	dec09	7	dec07	10	dec10-lowd	10	dec10-lowd	10	dec10-lowd	2	dec02	5	dec05	9	dec09
95BB15S1	6	dec06	4	dec04	6	dec06	7	dec07	6	dec06	2	dec02	4	dec04	9	dec09
95BB15S2	3	dec03	2	dec02	4	dec04	5	dec05	3	dec03	4	dec04	9	dec09	3	dec03
95BB16S1	9	dec09	9	dec09	10	dec10-lowd	10	dec10-lowd	10	dec10-lowd	2	dec02	4	dec04	10	dec10-lowd
95BB16S2	8	dec08	6	dec06	10	dec10-lowd	10	dec10-lowd	10	dec10-lowd	3	dec03	2	dec02	10	dec10-lowd
95BB17S1	6	dec06	5	dec05	6	dec06	5	dec05	4	dec04	6	dec06	9	dec09	7	dec07
95BB17S2	6	dec06	6	dec06	6	dec06	6	dec06	4	dec04	4	dec04	7	dec07	6	dec06
95BB18S1	4	dec04	4	dec04	4	dec04	4	dec04	3	dec03	4	dec04	10	dec10-lowd	4	dec04
95BB18S2	8	dec08	4	dec04	9	dec09	9	dec09	7	dec07	3	dec03	10	dec10-lowd	9	dec09
95BB19S1	6	dec06	6	dec06	6	dec06	6	dec06	3	dec03	8	dec08	7	dec07	6	dec06
95BB19S2	9	dec09	6	dec06	9	dec09	9	dec09	9	dec09	6	dec06	7	dec07	9	dec09
95BB19S3	10	dec10-lowd	9	dec09	10	dec10-lowd	8	dec08	8	dec08	7	dec07	7	dec07	10	dec10-lowd
95BB20S1	5	dec05	5	dec05	4	dec04	5	dec05	5	dec05	2	dec02	8	dec08	6	dec06
95BB20S2	3	dec03	7	dec07	2	dec02	2	dec02	3	dec03	4	dec04	7	dec07	5	dec05
95BB21S1	3	dec03	3	dec03	3	dec03	4	dec04	3	dec03	3	dec03	9	dec09	5	dec05
95BB21S2	6	dec06	6	dec06	5	dec05	5	dec05	5	dec05	2	dec02	8	dec08	7	dec07
95BB22S1	3	dec03	3	dec03	4	dec04	4	dec04	2	dec02	4	dec04	4	dec04	4	dec04
95BB22S2	1	dec01-highd	1	dec01-highd	1	dec01-highd	2	dec02	1	dec01-highd	5	dec05	9	dec09	3	dec03
95BB23S1	10	dec10-lowd	9	dec09	9	dec09	9	dec09	9	dec09	8	dec08	4	dec04	6	dec06
95BB23S2	10	dec10-lowd	10	dec10-lowd	10	dec10-lowd	9	dec09	7	dec07	6	dec06	5	dec05	9	dec09
95CC01W1	5	dec05	6	dec06	4	dec04	4	dec04	5	dec05	5	dec05	5	dec05	5	dec05
95CC02W1	6	dec06	4	dec04	7	dec07	8	dec08	8	dec08	2	dec02	5	dec05	9	dec09
95CC03W1	1	dec01-highd	1	dec01-highd	2	dec02	2	dec02	2	dec02	9	dec09	2	dec02	1	dec01-highd
95CC04W1	4	dec04	2	dec02	6	dec06	7	dec07	8	dec08	2	dec02	2	dec02	8	dec08
95CC05W1	5	dec05	3	dec03	7	dec07	7	dec07	8	dec08	2	dec02	3	dec03	8	dec08
95CC06S1	9	dec09	9	dec09	8	dec08	9	dec09	9	dec09	4	dec04	3	dec03	5	dec05
95CC06S2	6	dec06	6	dec06	5	dec05	5	dec05	6	dec06	6	dec06	9	dec09	4	dec04
95CC07W1	3	dec03	1	dec01-highd	5	dec05	7	dec07	8	dec08	1	dec01-highd	8	dec08	6	dec06
95CC08W1	4	dec04	3	dec03	4	dec04	3	dec03	5	dec05	7	dec07	6	dec06	3	dec03
95CC09S1	8	dec08	6	dec06	9	dec09	10	dec10-lowd	10	dec10-lowd	2	dec02	2	dec02	10	dec10-lowd
95CC09S2	8	dec08	7	dec07	8	dec08	9	dec09	7	dec07	2	dec02	6	dec06	9	dec09
95CC10W1	8	dec08	8	dec08	9	dec09	9	dec09	8	dec08	2	dec02	5	dec05	8	dec08
95CC11W1	2	dec02	1	dec01-highd	3	dec03	4	dec04	4	dec04	5	dec05	4	dec04	4	dec04
95CC12W1	5	dec05	3	dec03	7	dec07	8	dec08	7	dec07	2	dec02	4	dec04	8	dec08
95CC13W1	5	dec05	3	dec03	7	dec07	7	dec07	8	dec08	1	dec01-highd	4	dec04	9	dec09
95CC14W1	7	dec07	7	dec07	7	dec07	6	dec06	6	dec06	3	dec03	5	dec05	8	dec08
95CC15W1	6	dec06	4	dec04	7	dec07	7	dec07	7	dec07	2	dec02	5	dec05	10	dec10-lowd
95CC16W1	4	dec04	2	dec02	5	dec05	5	dec05	5	dec05	3	dec03	9	dec09	6	dec06
95CC17W1	7	dec07	6	dec06	8	dec08	8	dec08	9	dec09	2	dec02	2	dec02	7	dec07
95CC18W1	5	dec05	3	dec03	5	dec05	6	dec06	7	dec07	5	dec05	6	dec06	6	dec06
95CC19W1	4	dec04	2	dec02	5	dec05	7	dec07	6	dec06	2	dec02	3	dec03	7	dec07
95CC20S1	9	dec09	9	dec09	9	dec09	8	dec08	8	dec08	4	dec04	10	dec10-lowd	10	dec10-lowd
95CC20S2	8	dec08	8	dec08	6	dec06	6	dec06	7	dec07	5	dec05	6	dec06	9	dec09
95CC21W1	4	dec04	3	dec03	6	dec06	6	dec06	4	dec04	4	dec04	9	dec09	5	dec05
95CC22W1	4	dec04	2	dec02	4	dec04	5	dec05	4	dec04	9	dec09	1	dec01-highd	4	dec04
95DD01W1	8	dec08	6	dec06	7	dec07	9	dec09	9	dec09	5	dec05	7	dec07	7	dec07
95DD02S1	7	dec07	10	dec10-lowd	6	dec06	6	dec06	5	dec05	4	dec04	6	dec06	7	dec07
95DD02S2	9	dec09	9	dec09	9	dec09	8	dec08	8	dec08	3	dec03	7	dec07	10	dec10-lowd
95DD03W1	10	dec10-lowd	9	dec09	10	dec10-lowd	10	dec10-lowd	8	dec08	4	dec04	10	dec10-lowd	7	dec07
95DD04W1	1	dec01-highd	2	dec02	1	dec01-highd	2	dec02	1	dec01-highd	8	dec08	7	dec07	2	dec02
95DD05W1	2	dec02	1	dec01-highd	2	dec02	3	dec03	2	dec02	5	dec05	6	dec06	3	dec03
95DD06W1	10	dec10-lowd	10	dec10-lowd	10	dec10-lowd	10	dec10-lowd	9	dec09	6	dec06	7	dec07	9	dec09
95DD07S1	8	dec08	7	dec07	8	dec08	7	dec07	7	dec07	5	dec05	6	dec06	8	dec08
95DD07S2	9	dec09	8	dec08	8	dec08	8	dec08	8	dec08	4	dec04	10	dec10-lowd	8	dec08
95DD08W1	3	dec03	2	dec02	4	dec04	3	dec03	2	dec02	9	dec09	2	dec02	1	dec01-highd
95DD09W1	7	dec07	5	dec05	9	dec09	10	dec10-lowd	10	dec10-lowd	2	dec02	1	dec01-highd	9	dec09
95DD10W1	7	dec07	8	dec08	5	dec05	5	dec05	5	dec05	5	dec05	7	dec07	5	dec05
95DD11W1	2	dec02	3	dec03	3	dec03	2	dec02	2	dec02	7	dec07	5	dec05	1	dec01-highd
95DD12W1	7	dec07	6	dec06	8	dec08	9	dec09	8	dec08	2	dec02	2	dec02	10	dec10-lowd
95DD13W1	3	dec03	2	dec02	3	dec03	4	dec04	3	dec03	9	dec09	4	dec04	4	dec04
95DD14S1	9	dec09	10	dec10-lowd	9	dec09	8	dec08	9	dec09	4	dec04	6	dec06	9	dec09
95DD14S2	10	dec10-lowd	9	dec09	10	dec10-lowd	10	dec10-lowd	10	dec10-lowd	4	dec04	9	dec09	10	dec10-lowd
95DD15W1	8	dec08	8	dec08	8	dec08	9	dec09	9	dec09	2	dec02	8	dec08	10	dec10-lowd
95DD16W1	8	dec08	7	dec07	10	dec10-lowd	10	dec10-lowd	9	dec09	1	dec01-highd	3	dec03	10	dec10-lowd
95DD17W1	8	dec08	7	dec07	8	dec08	9	dec09	9	dec09	1	dec01-highd	8	dec08	10	dec10-lowd
95DD18W1	3	dec03	3	dec03	4	dec04	4	dec04	2	dec02	8	dec08	2	dec02	1	dec01-highd
95DD19S1	6	dec06	7	dec07	6	dec06	5	dec05	4	dec04	3	dec03	10	dec10-lowd	5	dec05
95DD19S2	8	dec08	7	dec07	9	dec09	9	dec09	9	dec09	3	dec03	4	dec04	9	dec09
95DD20W1	2	dec02	2	dec02	2	dec02	2	dec02	2	dec02	9	dec09	6	dec06	1	dec01-highd
95DD21W1	7	dec07	4	dec04	8	dec08	8	dec08	5	dec05	9	dec09	1	dec01-highd	5	dec05
95DD22S1	7	dec07	6	dec06	7	dec07	8	dec08	8	dec08	2	dec02	6	dec06	6	dec06
95DD22S2	4	dec04	2	dec02	5	dec05	5	dec05	6	dec06	3	dec03	8	dec08	8	dec08
95DD23W1	6	dec06	4	dec04	9	dec09	9	dec09	10	dec10-lowd	1	dec01-highd	3	dec03	9	dec09
95DD24W1	9	dec09	10	dec10-lowd	7	dec07	7	dec07	7	dec07	6	dec06	10	dec10-lowd	7	dec07
95EE01W1	5	dec05	5	dec05	6	dec06	7	dec07	6	dec06	1	dec01-highd	7	dec07	9	dec09
95EE02W1	5	dec05	4	dec04	5	dec05	6	dec06	4	dec04	3	dec03	8	dec08	5	dec05
95EE03W1	4	dec04	4	dec04	2	dec02	4	dec04	4	dec04	7	dec07	10	dec10-lowd	6	dec06
95EE04W1	6	dec06	4	dec04	7	dec07	6	dec06	6	dec06	2	dec02	6	dec06	8	dec08
95EE05W1	4	dec04	3	dec03	6	dec06	6	dec06	5	dec05	3	dec03	2	dec02	7	dec07
95EE06W1	7	dec07	7	dec07	8	dec08	7	dec07	8	dec08	1	dec01-highd	5	dec05	10	dec10-lowd
95EE07W1	6	dec06	6	dec06	4	dec04	4	dec04	5	dec05	6	dec06	7	dec07	7	dec07
95EE08W1	8	dec08	9	dec09	6	dec06	6	dec06	8	dec08	9	dec09	5	dec05	4	dec04
95EE09W1	7	dec07	6	dec06	6	dec06	7	dec07	6	dec06	3	dec03	3	dec03	10	dec10-lowd
95EE10W1	7	dec07	7	dec07	8	dec08	8	dec08	4	dec04	2	dec02	3	dec03	8	dec08
95EE11W1	7	dec07	7	dec07	8	dec08	9	dec09	8	dec08	1	dec01-highd	1	dec01-highd	9	dec09
95EE12W1	3	dec03	2	dec02	3	dec03	3	dec03	2	dec02	7	dec07	10	dec10-lowd	7	dec07
95EE13W1	3	dec03	2	dec02	2	dec02	3	dec03	5	dec05	8	dec08	4	dec04	3	dec03
95EE14W1	6	dec06	6	dec06	5	dec05	6	dec06	6	dec06	4	dec04	8	dec08	7	dec07
95EE15W1	7	dec07	6	dec06	7	dec07	8	dec08	7	dec07	2	dec02	5	dec05	9	dec09
95EE16W1	5	dec05	4	dec04	7	dec07	8	dec08	7	dec07	1	dec01-highd	5	dec05	9	dec09
95FF01S1	10	dec10-lowd	8	dec08	9	dec09	8	dec08	9	dec09	6	dec06	10	dec10-lowd	8	dec08
95FF01S2	10	dec10-lowd	8	dec08	9	dec09	9	dec09	9	dec09	5	dec05	10	dec10-lowd	8	dec08
95FF02W1	3	dec03	2	dec02	6	dec06	7	dec07	6	dec06	1	dec01-highd	6	dec06	8	dec08
95FF03W1	5	dec05	5	dec05	5	dec05	4	dec04	3	dec03	6	dec06	9	dec09	5	dec05
95FF04W1	5	dec05	3	dec03	8	dec08	9	dec09	9	dec09	1	dec01-highd	6	dec06	9	dec09
95FF05W1	6	dec06	5	dec05	6	dec06	6	dec06	4	dec04	7	dec07	9	dec09	6	dec06
95FF06S1	9	dec09	8	dec08	8	dec08	7	dec07	8	dec08	7	dec07	9	dec09	7	dec07
95FF06S2	9	dec09	9	dec09	9	dec09	9	dec09	9	dec09	3	dec03	10	dec10-lowd	10	dec10-lowd
95FF07W1	3	dec03	5	dec05	2	dec02	2	dec02	3	dec03	8	dec08	9	dec09	2	dec02
95FF08W1	6	dec06	8	dec08	4	dec04	5	dec05	5	dec05	7	dec07	9	dec09	3	dec03
95FF09W1	4	dec04	5	dec05	4	dec04	4	dec04	4	dec04	4	dec04	6	dec06	4	dec04
95FF10W1	6	dec06	4	dec04	8	dec08	9	dec09	8	dec08	1	dec01-highd	9	dec09	10	dec10-lowd
95FF11W1	6	dec06	3	dec03	8	dec08	9	dec09	8	dec08	1	dec01-highd	5	dec05	10	dec10-lowd
95FF12W1	6	dec06	5	dec05	6	dec06	5	dec05	7	dec07	3	dec03	6	dec06	5	dec05
95FF13W1	6	dec06	4	dec04	6	dec06	6	dec06	7	dec07	3	dec03	7	dec07	5	dec05
95FF14W1	8	dec08	6	dec06	8	dec08	9	dec09	10	dec10-lowd	2	dec02	4	dec04	10	dec10-lowd
95FF15W1	4	dec04	3	dec03	4	dec04	4	dec04	4	dec04	5	dec05	8	dec08	5	dec05
95FF16W1	8	dec08	7	dec07	6	dec06	7	dec07	9	dec09	5	dec05	8	dec08	5	dec05
95FF17W1	2	dec02	3	dec03	2	dec02	2	dec02	3	dec03	9	dec09	1	dec01-highd	1	dec01-highd
95GG01S1	5	dec05	9	dec09	2	dec02	2	dec02	5	dec05	10	dec10-lowd	6	dec06	5	dec05
95GG01S2	3	dec03	7	dec07	2	dec02	2	dec02	3	dec03	9	dec09	1	dec01-highd	2	dec02
95GG01S3	4	dec04	5	dec05	3	dec03	2	dec02	4	dec04	10	dec10-lowd	3	dec03	4	dec04
95GG02S1	1	dec01-highd	1	dec01-highd	1	dec01-highd	1	dec01-highd	1	dec01-highd	10	dec10-lowd	1	dec01-highd	1	dec01-highd
95GG02S2	1	dec01-highd	1	dec01-highd	1	dec01-highd	1	dec01-highd	1	dec01-highd	10	dec10-lowd	1	dec01-highd	2	dec02
95GG02S3	1	dec01-highd	1	dec01-highd	1	dec01-highd	1	dec01-highd	1	dec01-highd	10	dec10-lowd	1	dec01-highd	1	dec01-highd
95GG03S1	10	dec10-lowd	10	dec10-lowd	9	dec09	8	dec08	10	dec10-lowd	10	dec10-lowd	2	dec02	5	dec05
95GG03S2	10	dec10-lowd	9	dec09	9	dec09	9	dec09	9	dec09	10	dec10-lowd	3	dec03	5	dec05
95GG03S3	7	dec07	8	dec08	7	dec07	6	dec06	5	dec05	8	dec08	3	dec03	3	dec03
95GG04S1	2	dec02	3	dec03	2	dec02	1	dec01-highd	1	dec01-highd	8	dec08	6	dec06	1	dec01-highd
95GG04S2	1	dec01-highd	6	dec06	1	dec01-highd	1	dec01-highd	1	dec01-highd	10	dec10-lowd	4	dec04	1	dec01-highd
95GG04S3	1	dec01-highd	1	dec01-highd	1	dec01-highd	1	dec01-highd	1	dec01-highd	9	dec09	4	dec04	1	dec01-highd
95GG05S1	7	dec07	9	dec09	6	dec06	5	dec05	8	dec08	10	dec10-lowd	1	dec01-highd	2	dec02
95GG05S2	8	dec08	9	dec09	9	dec09	8	dec08	4	dec04	10	dec10-lowd	1	dec01-highd	4	dec04
95GG05S3	4	dec04	3	dec03	5	dec05	4	dec04	2	dec02	10	dec10-lowd	2	dec02	1	dec01-highd
95GG06S1	2	dec02	2	dec02	3	dec03	2	dec02	1	dec01-highd	9	dec09	1	dec01-highd	1	dec01-highd
95GG06S2	4	dec04	7	dec07	3	dec03	3	dec03	2	dec02	9	dec09	1	dec01-highd	3	dec03
95GG06S3	5	dec05	6	dec06	5	dec05	4	dec04	4	dec04	8	dec08	7	dec07	5	dec05
95GG07S1	2	dec02	8	dec08	1	dec01-highd	1	dec01-highd	2	dec02	9	dec09	1	dec01-highd	1	dec01-highd
95GG07S2	1	dec01-highd	3	dec03	1	dec01-highd	1	dec01-highd	1	dec01-highd	10	dec10-lowd	1	dec01-highd	3	dec03
95GG07S3	3	dec03	6	dec06	2	dec02	2	dec02	2	dec02	9	dec09	2	dec02	2	dec02
95GG08S1	7	dec07	6	dec06	6	dec06	6	dec06	7	dec07	7	dec07	6	dec06	4	dec04
95GG08S2	2	dec02	2	dec02	2	dec02	2	dec02	2	dec02	8	dec08	2	dec02	2	dec02
95GG08S3	4	dec04	4	dec04	4	dec04	4	dec04	3	dec03	8	dec08	10	dec10-lowd	3	dec03
95GG09S1	10	dec10-lowd	10	dec10-lowd	10	dec10-lowd	10	dec10-lowd	10	dec10-lowd	8	dec08	10	dec10-lowd	9	dec09
95GG09S2	9	dec09	10	dec10-lowd	7	dec07	6	dec06	6	dec06	7	dec07	9	dec09	8	dec08
95GG09S3	5	dec05	8	dec08	5	dec05	3	dec03	2	dec02	7	dec07	6	dec06	3	dec03
95GG10S1	1	dec01-highd	1	dec01-highd	3	dec03	3	dec03	1	dec01-highd	6	dec06	1	dec01-highd	3	dec03
95GG10S2	2	dec02	2	dec02	3	dec03	2	dec02	1	dec01-highd	8	dec08	1	dec01-highd	1	dec01-highd
95GG11S1	2	dec02	3	dec03	3	dec03	2	dec02	1	dec01-highd	9	dec09	1	dec01-highd	1	dec01-highd
95GG11S2	8	dec08	8	dec08	7	dec07	7	dec07	8	dec08	10	dec10-lowd	1	dec01-highd	4	dec04
95GG11S3	3	dec03	3	dec03	4	dec04	3	dec03	2	dec02	10	dec10-lowd	1	dec01-highd	1	dec01-highd
95GG12S1	7	dec07	5	dec05	10	dec10-lowd	10	dec10-lowd	10	dec10-lowd	10	dec10-lowd	1	dec01-highd	1	dec01-highd
95GG12S2	6	dec06	6	dec06	10	dec10-lowd	10	dec10-lowd	3	dec03	8	dec08	1	dec01-highd	1	dec01-highd
95GG12S3	6	dec06	6	dec06	10	dec10-lowd	9	dec09	4	dec04	10	dec10-lowd	1	dec01-highd	1	dec01-highd
95GG12S4	3	dec03	2	dec02	7	dec07	3	dec03	2	dec02	9	dec09	1	dec01-highd	2	dec02
95GG12S5	1	dec01-highd	3	dec03	2	dec02	1	dec01-highd	1	dec01-highd	9	dec09	1	dec01-highd	1	dec01-highd
95GG13S1	2	dec02	2	dec02	2	dec02	2	dec02	2	dec02	8	dec08	2	dec02	2	dec02
95GG13S2	8	dec08	7	dec07	8	dec08	7	dec07	10	dec10-lowd	8	dec08	2	dec02	6	dec06
95GG13S3	6	dec06	7	dec07	4	dec04	3	dec03	4	dec04	8	dec08	7	dec07	3	dec03
95GG14S1	10	dec10-lowd	10	dec10-lowd	9	dec09	9	dec09	9	dec09	7	dec07	7	dec07	3	dec03
95GG14S2	9	dec09	6	dec06	9	dec09	10	dec10-lowd	10	dec10-lowd	7	dec07	3	dec03	4	dec04
95GG14S3	10	dec10-lowd	10	dec10-lowd	9	dec09	9	dec09	9	dec09	5	dec05	10	dec10-lowd	4	dec04
95GG15S1	10	dec10-lowd	10	dec10-lowd	10	dec10-lowd	10	dec10-lowd	10	dec10-lowd	7	dec07	2	dec02	10	dec10-lowd
95GG15S2	10	dec10-lowd	10	dec10-lowd	10	dec10-lowd	10	dec10-lowd	10	dec10-lowd	10	dec10-lowd	6	dec06	7	dec07
95GG15S3	8	dec08	9	dec09	5	dec05	6	dec06	5	dec05	9	dec09	8	dec08	6	dec06
95GG16S1	2	dec02	3	dec03	2	dec02	2	dec02	2	dec02	10	dec10-lowd	1	dec01-highd	1	dec01-highd
95GG16S2	5	dec05	7	dec07	3	dec03	3	dec03	5	dec05	10	dec10-lowd	2	dec02	2	dec02
95GG16S3	7	dec07	9	dec09	6	dec06	5	dec05	5	dec05	7	dec07	3	dec03	4	dec04
95GG17S1	2	dec02	2	dec02	1	dec01-highd	1	dec01-highd	3	dec03	8	dec08	2	dec02	2	dec02
95GG17S2	6	dec06	9	dec09	5	dec05	4	dec04	7	dec07	10	dec10-lowd	1	dec01-highd	3	dec03
95GG17S3	2	dec02	3	dec03	2	dec02	2	dec02	2	dec02	10	dec10-lowd	5	dec05	2	dec02
95GG18S1	1	dec01-highd	1	dec01-highd	1	dec01-highd	1	dec01-highd	2	dec02	9	dec09	2	dec02	2	dec02
95GG18S2	1	dec01-highd	4	dec04	1	dec01-highd	1	dec01-highd	1	dec01-highd	10	dec10-lowd	1	dec01-highd	1	dec01-highd
95GG19S1	1	dec01-highd	1	dec01-highd	1	dec01-highd	1	dec01-highd	1	dec01-highd	8	dec08	5	dec05	3	dec03
95GG19S2	1	dec01-highd	1	dec01-highd	1	dec01-highd	1	dec01-highd	1	dec01-highd	9	dec09	2	dec02	1	dec01-highd
95GG20S1	1	dec01-highd	1	dec01-highd	2	dec02	1	dec01-highd	1	dec01-highd	6	dec06	2	dec02	2	dec02
95GG20S2	1	dec01-highd	1	dec01-highd	1	dec01-highd	1	dec01-highd	1	dec01-highd	9	dec09	5	dec05	1	dec01-highd
95GG21S1	1	dec01-highd	3	dec03	1	dec01-highd	1	dec01-highd	1	dec01-highd	10	dec10-lowd	2	dec02	3	dec03
95GG21S2	1	dec01-highd	3	dec03	1	dec01-highd	1	dec01-highd	1	dec01-highd	10	dec10-lowd	1	dec01-highd	1	dec01-highd
95GG21S3	1	dec01-highd	1	dec01-highd	1	dec01-highd	1	dec01-highd	1	dec01-highd	9	dec09	3	dec03	1	dec01-highd
95GG22S1	4	dec04	8	dec08	3	dec03	3	dec03	4	dec04	10	dec10-lowd	1	dec01-highd	1	dec01-highd
95GG22S2	5	dec05	9	dec09	3	dec03	2	dec02	5	dec05	10	dec10-lowd	6	dec06	3	dec03
95GG22S3	4	dec04	8	dec08	3	dec03	2	dec02	4	dec04	10	dec10-lowd	4	dec04	3	dec03
95GG23S1	10	dec10-lowd	10	dec10-lowd	9	dec09	10	dec10-lowd	10	dec10-lowd	6	dec06	6	dec06	10	dec10-lowd
95GG23S2	10	dec10-lowd	10	dec10-lowd	9	dec09	9	dec09	10	dec10-lowd	10	dec10-lowd	3	dec03	6	dec06
95GG23S3	10	dec10-lowd	9	dec09	9	dec09	8	dec08	10	dec10-lowd	9	dec09	7	dec07	8	dec08
95GG24S1	8	dec08	10	dec10-lowd	5	dec05	5	dec05	9	dec09	10	dec10-lowd	3	dec03	5	dec05
95GG24S2	4	dec04	5	dec05	4	dec04	4	dec04	3	dec03	10	dec10-lowd	1	dec01-highd	2	dec02
95GG24S3	7	dec07	8	dec08	6	dec06	6	dec06	8	dec08	9	dec09	1	dec01-highd	4	dec04
95GG25S1	3	dec03	5	dec05	1	dec01-highd	1	dec01-highd	3	dec03	10	dec10-lowd	6	dec06	2	dec02
95GG25S2	3	dec03	6	dec06	2	dec02	2	dec02	4	dec04	10	dec10-lowd	2	dec02	4	dec04
95GG25S3	2	dec02	3	dec03	2	dec02	2	dec02	2	dec02	10	dec10-lowd	3	dec03	4	dec04
95GG26S1	1	dec01-highd	4	dec04	1	dec01-highd	2	dec02	1	dec01-highd	4	dec04	3	dec03	3	dec03
95GG26S2	2	dec02	3	dec03	2	dec02	2	dec02	2	dec02	9	dec09	5	dec05	3	dec03
95GG27S1	5	dec05	10	dec10-lowd	3	dec03	3	dec03	4	dec04	4	dec04	4	dec04	4	dec04
95GG27S2	2	dec02	5	dec05	1	dec01-highd	1	dec01-highd	2	dec02	9	dec09	4	dec04	2	dec02
95GG27S3	2	dec02	6	dec06	1	dec01-highd	1	dec01-highd	2	dec02	8	dec08	8	dec08	2	dec02
95GG27S4	2	dec02	6	dec06	1	dec01-highd	1	dec01-highd	2	dec02	10	dec10-lowd	1	dec01-highd	2	dec02
95GG28S1	6	dec06	7	dec07	6	dec06	5	dec05	3	dec03	4	dec04	10	dec10-lowd	5	dec05
95GG28S2	4	dec04	8	dec08	3	dec03	3	dec03	3	dec03	9	dec09	5	dec05	4	dec04
95GG28S3	1	dec01-highd	1	dec01-highd	1	dec01-highd	1	dec01-highd	1	dec01-highd	7	dec07	4	dec04	3	dec03
95GG29S1	2	dec02	5	dec05	2	dec02	1	dec01-highd	1	dec01-highd	5	dec05	4	dec04	3	dec03
95GG29S2	4	dec04	5	dec05	5	dec05	4	dec04	3	dec03	9	dec09	2	dec02	3	dec03
95GG30S1	5	dec05	7	dec07	3	dec03	4	dec04	4	dec04	6	dec06	4	dec04	5	dec05
95GG30S2	10	dec10-lowd	10	dec10-lowd	10	dec10-lowd	9	dec09	10	dec10-lowd	9	dec09	7	dec07	8	dec08
95GG30S3	10	dec10-lowd	9	dec09	9	dec09	8	dec08	9	dec09	9	dec09	9	dec09	7	dec07
95GG31S1	9	dec09	10	dec10-lowd	7	dec07	5	dec05	7	dec07	9	dec09	10	dec10-lowd	7	dec07
95GG31S2	5	dec05	7	dec07	3	dec03	3	dec03	3	dec03	10	dec10-lowd	9	dec09	4	dec04
95GG31S3	1	dec01-highd	3	dec03	1	dec01-highd	1	dec01-highd	1	dec01-highd	10	dec10-lowd	4	dec04	1	dec01-highd
95GG32S1	2	dec02	3	dec03	3	dec03	2	dec02	2	dec02	4	dec04	6	dec06	2	dec02
95GG32S2	1	dec01-highd	2	dec02	1	dec01-highd	2	dec02	2	dec02	9	dec09	3	dec03	2	dec02
95GG32S3	5	dec05	6	dec06	4	dec04	4	dec04	4	dec04	9	dec09	3	dec03	2	dec02
95GG33S1	10	dec10-lowd	10	dec10-lowd	10	dec10-lowd	10	dec10-lowd	10	dec10-lowd	7	dec07	2	dec02	6	dec06
95GG33S2	10	dec10-lowd	10	dec10-lowd	10	dec10-lowd	10	dec10-lowd	10	dec10-lowd	8	dec08	3	dec03	7	dec07
95GG33S3	9	dec09	9	dec09	10	dec10-lowd	10	dec10-lowd	10	dec10-lowd	10	dec10-lowd	1	dec01-highd	4	dec04
95GG34S1	3	dec03	2	dec02	3	dec03	3	dec03	4	dec04	9	dec09	5	dec05	5	dec05
95GG34S2	9	dec09	10	dec10-lowd	8	dec08	7	dec07	9	dec09	10	dec10-lowd	2	dec02	4	dec04
95GG34S3	10	dec10-lowd	10	dec10-lowd	10	dec10-lowd	9	dec09	10	dec10-lowd	9	dec09	2	dec02	6	dec06
95GG35S1	1	dec01-highd	3	dec03	1	dec01-highd	1	dec01-highd	1	dec01-highd	8	dec08	2	dec02	1	dec01-highd
95GG35S2	1	dec01-highd	1	dec01-highd	1	dec01-highd	1	dec01-highd	1	dec01-highd	10	dec10-lowd	3	dec03	1	dec01-highd
95GG35S3	1	dec01-highd	2	dec02	1	dec01-highd	1	dec01-highd	1	dec01-highd	10	dec10-lowd	2	dec02	1	dec01-highd
95GG36S1	8	dec08	8	dec08	8	dec08	5	dec05	5	dec05	10	dec10-lowd	6	dec06	4	dec04
95GG36S2	10	dec10-lowd	9	dec09	9	dec09	8	dec08	8	dec08	10	dec10-lowd	5	dec05	8	dec08
95GG36S3	10	dec10-lowd	10	dec10-lowd	8	dec08	8	dec08	8	dec08	9	dec09	7	dec07	5	dec05
95GG37S1	10	dec10-lowd	10	dec10-lowd	10	dec10-lowd	10	dec10-lowd	10	dec10-lowd	8	dec08	2	dec02	4	dec04
95GG37S2	8	dec08	9	dec09	8	dec08	7	dec07	6	dec06	10	dec10-lowd	1	dec01-highd	3	dec03
95GG37S3	9	dec09	9	dec09	9	dec09	7	dec07	4	dec04	10	dec10-lowd	9	dec09	3	dec03
95GG38S1	10	dec10-lowd	8	dec08	10	dec10-lowd	9	dec09	10	dec10-lowd	7	dec07	8	dec08	6	dec06
95GG38S2	8	dec08	9	dec09	6	dec06	5	dec05	9	dec09	10	dec10-lowd	7	dec07	5	dec05
95GG38S3	10	dec10-lowd	10	dec10-lowd	10	dec10-lowd	9	dec09	10	dec10-lowd	10	dec10-lowd	4	dec04	8	dec08
95GG39S1	2	dec02	6	dec06	2	dec02	1	dec01-highd	2	dec02	9	dec09	3	dec03	2	dec02
95GG39S2	2	dec02	5	dec05	2	dec02	1	dec01-highd	1	dec01-highd	9	dec09	4	dec04	1	dec01-highd
95GG39S3	1	dec01-highd	2	dec02	1	dec01-highd	1	dec01-highd	1	dec01-highd	10	dec10-lowd	3	dec03	4	dec04
95GG40S1	1	dec01-highd	1	dec01-highd	1	dec01-highd	1	dec01-highd	1	dec01-highd	8	dec08	7	dec07	2	dec02
95GG40S2	1	dec01-highd	2	dec02	1	dec01-highd	1	dec01-highd	1	dec01-highd	9	dec09	2	dec02	1	dec01-highd
95GG41S1	10	dec10-lowd	10	dec10-lowd	10	dec10-lowd	10	dec10-lowd	10	dec10-lowd	4	dec04	7	dec07	10	dec10-lowd
95GG41S2	10	dec10-lowd	10	dec10-lowd	10	dec10-lowd	10	dec10-lowd	10	dec10-lowd	8	dec08	6	dec06	10	dec10-lowd
95GG41S3	10	dec10-lowd	10	dec10-lowd	9	dec09	9	dec09	10	dec10-lowd	9	dec09	6	dec06	10	dec10-lowd
95GG42S1	10	dec10-lowd	10	dec10-lowd	10	dec10-lowd	10	dec10-lowd	10	dec10-lowd	6	dec06	8	dec08	10	dec10-lowd
95GG42S2	10	dec10-lowd	10	dec10-lowd	10	dec10-lowd	10	dec10-lowd	10	dec10-lowd	9	dec09	4	dec04	10	dec10-lowd
95GG42S3	10	dec10-lowd	9	dec09	10	dec10-lowd	10	dec10-lowd	10	dec10-lowd	10	dec10-lowd	1	dec01-highd	5	dec05
95GG42S4	10	dec10-lowd	10	dec10-lowd	10	dec10-lowd	10	dec10-lowd	10	dec10-lowd	6	dec06	7	dec07	7	dec07
95GG43S1	4	dec04	8	dec08	3	dec03	2	dec02	2	dec02	6	dec06	6	dec06	7	dec07
95GG43S2	8	dec08	8	dec08	8	dec08	5	dec05	4	dec04	10	dec10-lowd	2	dec02	6	dec06
95GG43S3	6	dec06	8	dec08	6	dec06	4	dec04	3	dec03	9	dec09	2	dec02	3	dec03
95GG44S1	1	dec01-highd	4	dec04	2	dec02	1	dec01-highd	1	dec01-highd	9	dec09	2	dec02	1	dec01-highd
95GG44S2	1	dec01-highd	2	dec02	2	dec02	1	dec01-highd	1	dec01-highd	10	dec10-lowd	1	dec01-highd	1	dec01-highd
95GG45S1	10	dec10-lowd	10	dec10-lowd	10	dec10-lowd	10	dec10-lowd	10	dec10-lowd	5	dec05	3	dec03	6	dec06
95GG45S2	2	dec02	6	dec06	2	dec02	2	dec02	1	dec01-highd	8	dec08	3	dec03	5	dec05
95GG45S3	9	dec09	9	dec09	7	dec07	6	dec06	8	dec08	8	dec08	7	dec07	6	dec06
95GG46S1	1	dec01-highd	7	dec07	1	dec01-highd	1	dec01-highd	1	dec01-highd	8	dec08	3	dec03	2	dec02
95GG46S2	1	dec01-highd	7	dec07	1	dec01-highd	1	dec01-highd	1	dec01-highd	6	dec06	1	dec01-highd	2	dec02
95GG46S3	1	dec01-highd	5	dec05	1	dec01-highd	1	dec01-highd	1	dec01-highd	10	dec10-lowd	1	dec01-highd	2	dec02
95GG47S1	1	dec01-highd	1	dec01-highd	1	dec01-highd	1	dec01-highd	1	dec01-highd	9	dec09	1	dec01-highd	1	dec01-highd
95GG47S2	1	dec01-highd	1	dec01-highd	1	dec01-highd	1	dec01-highd	1	dec01-highd	10	dec10-lowd	4	dec04	1	dec01-highd
95GG47S3	1	dec01-highd	2	dec02	1	dec01-highd	1	dec01-highd	2	dec02	10	dec10-lowd	1	dec01-highd	1	dec01-highd
95GG48S1	1	dec01-highd	2	dec02	1	dec01-highd	1	dec01-highd	2	dec02	10	dec10-lowd	1	dec01-highd	1	dec01-highd
95GG48S2	1	dec01-highd	4	dec04	1	dec01-highd	1	dec01-highd	1	dec01-highd	9	dec09	2	dec02	3	dec03
95GG48S3	1	dec01-highd	4	dec04	1	dec01-highd	1	dec01-highd	1	dec01-highd	10	dec10-lowd	1	dec01-highd	2	dec02
95GG49S1	10	dec10-lowd	10	dec10-lowd	10	dec10-lowd	10	dec10-lowd	10	dec10-lowd	10	dec10-lowd	2	dec02	4	dec04
95GG49S2	9	dec09	9	dec09	10	dec10-lowd	9	dec09	9	dec09	10	dec10-lowd	1	dec01-highd	4	dec04
95GG49S3	6	dec06	4	dec04	10	dec10-lowd	7	dec07	5	dec05	10	dec10-lowd	1	dec01-highd	2	dec02
95GG49S4	7	dec07	8	dec08	10	dec10-lowd	6	dec06	5	dec05	10	dec10-lowd	1	dec01-highd	1	dec01-highd
95GG50S1	2	dec02	3	dec03	4	dec04	2	dec02	1	dec01-highd	10	dec10-lowd	1	dec01-highd	2	dec02
95GG50S2	2	dec02	3	dec03	2	dec02	1	dec01-highd	1	dec01-highd	10	dec10-lowd	4	dec04	1	dec01-highd
95GG50S3	2	dec02	2	dec02	3	dec03	2	dec02	1	dec01-highd	10	dec10-lowd	1	dec01-highd	1	dec01-highd
95GG51S1	1	dec01-highd	1	dec01-highd	1	dec01-highd	1	dec01-highd	1	dec01-highd	7	dec07	5	dec05	1	dec01-highd
95GG51S2	1	dec01-highd	1	dec01-highd	1	dec01-highd	1	dec01-highd	1	dec01-highd	9	dec09	2	dec02	1	dec01-highd
95GG51S3	1	dec01-highd	1	dec01-highd	1	dec01-highd	1	dec01-highd	1	dec01-highd	10	dec10-lowd	2	dec02	2	dec02
95HH01W1	7	dec07	7	dec07	6	dec06	7	dec07	5	dec05	4	dec04	10	dec10-lowd	6	dec06
95HH02S1	9	dec09	10	dec10-lowd	9	dec09	9	dec09	6	dec06	4	dec04	8	dec08	10	dec10-lowd
95HH02S2	10	dec10-lowd	9	dec09	9	dec09	9	dec09	9	dec09	4	dec04	10	dec10-lowd	10	dec10-lowd
95HH03W1	9	dec09	10	dec10-lowd	8	dec08	9	dec09	7	dec07	6	dec06	8	dec08	7	dec07
95HH04S1	9	dec09	10	dec10-lowd	9	dec09	7	dec07	8	dec08	4	dec04	5	dec05	10	dec10-lowd
95HH04S2	10	dec10-lowd	10	dec10-lowd	8	dec08	8	dec08	9	dec09	5	dec05	10	dec10-lowd	8	dec08
95HH05W1	4	dec04	6	dec06	3	dec03	3	dec03	2	dec02	6	dec06	8	dec08	3	dec03
95HH06S1	9	dec09	9	dec09	10	dec10-lowd	9	dec09	7	dec07	3	dec03	6	dec06	7	dec07
95HH06S2	7	dec07	7	dec07	7	dec07	6	dec06	6	dec06	5	dec05	9	dec09	7	dec07
95HH07W1	4	dec04	4	dec04	3	dec03	3	dec03	2	dec02	7	dec07	9	dec09	5	dec05
95HH08W1	9	dec09	10	dec10-lowd	9	dec09	8	dec08	6	dec06	5	dec05	9	dec09	8	dec08
95HH09W1	3	dec03	5	dec05	2	dec02	3	dec03	2	dec02	8	dec08	8	dec08	2	dec02
95HH10W1	10	dec10-lowd	10	dec10-lowd	10	dec10-lowd	9	dec09	10	dec10-lowd	4	dec04	10	dec10-lowd	7	dec07
95HH11W1	2	dec02	7	dec07	2	dec02	2	dec02	1	dec01-highd	7	dec07	10	dec10-lowd	2	dec02
95HH12W1	7	dec07	9	dec09	5	dec05	5	dec05	3	dec03	6	dec06	8	dec08	7	dec07
95HH13W1	1	dec01-highd	1	dec01-highd	2	dec02	2	dec02	1	dec01-highd	8	dec08	8	dec08	5	dec05
95HH14W1	3	dec03	6	dec06	2	dec02	2	dec02	1	dec01-highd	10	dec10-lowd	8	dec08	3	dec03
95HH15W1	7	dec07	8	dec08	7	dec07	5	dec05	5	dec05	5	dec05	10	dec10-lowd	5	dec05
95HH16W1	8	dec08	8	dec08	7	dec07	9	dec09	9	dec09	4	dec04	7	dec07	4	dec04
95HH17W1	8	dec08	6	dec06	9	dec09	8	dec08	6	dec06	3	dec03	7	dec07	6	dec06
95II01S1	9	dec09	9	dec09	9	dec09	8	dec08	9	dec09	5	dec05	7	dec07	9	dec09
95II01S2	10	dec10-lowd	10	dec10-lowd	10	dec10-lowd	10	dec10-lowd	10	dec10-lowd	4	dec04	6	dec06	7	dec07
95II02S1	10	dec10-lowd	10	dec10-lowd	9	dec09	9	dec09	10	dec10-lowd	4	dec04	10	dec10-lowd	10	dec10-lowd
95II02S2	9	dec09	10	dec10-lowd	7	dec07	6	dec06	9	dec09	6	dec06	10	dec10-lowd	7	dec07
95II02S3	7	dec07	8	dec08	4	dec04	3	dec03	8	dec08	7	dec07	9	dec09	6	dec06
95II03S1	10	dec10-lowd	10	dec10-lowd	10	dec10-lowd	10	dec10-lowd	10	dec10-lowd	4	dec04	10	dec10-lowd	10	dec10-lowd
95II03S2	10	dec10-lowd	10	dec10-lowd	10	dec10-lowd	10	dec10-lowd	9	dec09	7	dec07	2	dec02	7	dec07
95II04S1	10	dec10-lowd	10	dec10-lowd	10	dec10-lowd	9	dec09	8	dec08	5	dec05	10	dec10-lowd	8	dec08
95II04S2	6	dec06	7	dec07	5	dec05	4	dec04	3	dec03	8	dec08	9	dec09	8	dec08
95II05S1	10	dec10-lowd	10	dec10-lowd	9	dec09	9	dec09	10	dec10-lowd	5	dec05	4	dec04	9	dec09
95II05S2	9	dec09	9	dec09	6	dec06	6	dec06	9	dec09	8	dec08	8	dec08	8	dec08
95II06S1	10	dec10-lowd	10	dec10-lowd	10	dec10-lowd	9	dec09	10	dec10-lowd	4	dec04	6	dec06	9	dec09
95II06S2	10	dec10-lowd	10	dec10-lowd	10	dec10-lowd	9	dec09	9	dec09	7	dec07	9	dec09	8	dec08
95II07W1	3	dec03	8	dec08	3	dec03	2	dec02	1	dec01-highd	10	dec10-lowd	3	dec03	4	dec04
95II08W1	8	dec08	8	dec08	7	dec07	6	dec06	6	dec06	10	dec10-lowd	5	dec05	6	dec06
95II09S1	10	dec10-lowd	9	dec09	9	dec09	8	dec08	9	dec09	6	dec06	10	dec10-lowd	6	dec06
95II09S2	10	dec10-lowd	10	dec10-lowd	9	dec09	7	dec07	8	dec08	8	dec08	10	dec10-lowd	10	dec10-lowd
95II10W1	5	dec05	8	dec08	4	dec04	3	dec03	2	dec02	8	dec08	10	dec10-lowd	4	dec04
95II11W1	10	dec10-lowd	10	dec10-lowd	10	dec10-lowd	9	dec09	10	dec10-lowd	8	dec08	10	dec10-lowd	7	dec07
95II12W1	10	dec10-lowd	10	dec10-lowd	10	dec10-lowd	10	dec10-lowd	10	dec10-lowd	10	dec10-lowd	3	dec03	10	dec10-lowd
95II13W1	5	dec05	5	dec05	5	dec05	3	dec03	3	dec03	10	dec10-lowd	8	dec08	5	dec05
95II14W1	10	dec10-lowd	10	dec10-lowd	10	dec10-lowd	10	dec10-lowd	10	dec10-lowd	7	dec07	7	dec07	10	dec10-lowd
95II15S1	10	dec10-lowd	10	dec10-lowd	10	dec10-lowd	10	dec10-lowd	10	dec10-lowd	5	dec05	6	dec06	7	dec07
95II15S2	10	dec10-lowd	9	dec09	10	dec10-lowd	10	dec10-lowd	10	dec10-lowd	7	dec07	6	dec06	8	dec08
95II16W1	7	dec07	10	dec10-lowd	6	dec06	5	dec05	3	dec03	9	dec09	9	dec09	9	dec09
95II17W1	8	dec08	8	dec08	5	dec05	5	dec05	6	dec06	9	dec09	9	dec09	6	dec06
95II18W1	4	dec04	8	dec08	3	dec03	2	dec02	2	dec02	6	dec06	8	dec08	4	dec04
95II19S1	10	dec10-lowd	9	dec09	10	dec10-lowd	10	dec10-lowd	10	dec10-lowd	2	dec02	9	dec09	10	dec10-lowd
95II19S2	9	dec09	10	dec10-lowd	8	dec08	7	dec07	8	dec08	4	dec04	6	dec06	8	dec08
95II20W1	10	dec10-lowd	10	dec10-lowd	8	dec08	8	dec08	9	dec09	9	dec09	5	dec05	6	dec06
95II21W1	3	dec03	5	dec05	3	dec03	3	dec03	1	dec01-highd	9	dec09	9	dec09	6	dec06
95II22W1	7	dec07	7	dec07	7	dec07	5	dec05	6	dec06	6	dec06	5	dec05	6	dec06
95II23W1	10	dec10-lowd	10	dec10-lowd	9	dec09	8	dec08	8	dec08	10	dec10-lowd	6	dec06	7	dec07
95JJ01W1	7	dec07	5	dec05	8	dec08	9	dec09	8	dec08	2	dec02	3	dec03	8	dec08
95JJ02W1	3	dec03	2	dec02	3	dec03	6	dec06	4	dec04	5	dec05	9	dec09	1	dec01-highd
95JJ03S1	1	dec01-highd	1	dec01-highd	1	dec01-highd	2	dec02	2	dec02	7	dec07	4	dec04	2	dec02
95JJ03S2	2	dec02	2	dec02	2	dec02	3	dec03	2	dec02	6	dec06	7	dec07	3	dec03
95JJ04S1	5	dec05	3	dec03	6	dec06	9	dec09	4	dec04	2	dec02	5	dec05	6	dec06
95JJ04S2	6	dec06	2	dec02	7	dec07	9	dec09	6	dec06	3	dec03	8	dec08	7	dec07
95JJ05W1	2	dec02	2	dec02	3	dec03	3	dec03	3	dec03	10	dec10-lowd	1	dec01-highd	1	dec01-highd
95JJ06W1	2	dec02	3	dec03	2	dec02	2	dec02	2	dec02	8	dec08	6	dec06	2	dec02
95JJ07W1	2	dec02	2	dec02	2	dec02	3	dec03	2	dec02	6	dec06	9	dec09	4	dec04
95JJ08S1	4	dec04	5	dec05	4	dec04	6	dec06	4	dec04	3	dec03	1	dec01-highd	4	dec04
95JJ08S2	9	dec09	8	dec08	10	dec10-lowd	10	dec10-lowd	9	dec09	4	dec04	10	dec10-lowd	6	dec06
95JJ09W1	7	dec07	4	dec04	8	dec08	10	dec10-lowd	8	dec08	2	dec02	3	dec03	7	dec07
95JJ10W1	4	dec04	1	dec01-highd	5	dec05	7	dec07	6	dec06	3	dec03	9	dec09	7	dec07
95JJ11S1	8	dec08	6	dec06	6	dec06	8	dec08	7	dec07	4	dec04	10	dec10-lowd	6	dec06
95JJ11S2	7	dec07	4	dec04	9	dec09	9	dec09	6	dec06	5	dec05	7	dec07	5	dec05
95JJ12W1	5	dec05	3	dec03	5	dec05	6	dec06	7	dec07	3	dec03	9	dec09	7	dec07
95JJ13S1	7	dec07	4	dec04	6	dec06	8	dec08	6	dec06	5	dec05	10	dec10-lowd	9	dec09
95JJ13S2	8	dec08	5	dec05	7	dec07	9	dec09	8	dec08	5	dec05	10	dec10-lowd	10	dec10-lowd
95JJ14W1	6	dec06	4	dec04	5	dec05	8	dec08	7	dec07	2	dec02	4	dec04	6	dec06
95JJ15W1	6	dec06	4	dec04	5	dec05	7	dec07	5	dec05	9	dec09	5	dec05	3	dec03
95JJ16W1	3	dec03	2	dec02	3	dec03	4	dec04	5	dec05	8	dec08	9	dec09	1	dec01-highd
95JJ17W1	4	dec04	2	dec02	6	dec06	8	dec08	7	dec07	1	dec01-highd	3	dec03	10	dec10-lowd
95JJ18W1	2	dec02	1	dec01-highd	2	dec02	4	dec04	4	dec04	5	dec05	5	dec05	1	dec01-highd
95JJ19S1	10	dec10-lowd	10	dec10-lowd	10	dec10-lowd	10	dec10-lowd	10	dec10-lowd	7	dec07	2	dec02	6	dec06
95JJ19S2	10	dec10-lowd	10	dec10-lowd	10	dec10-lowd	9	dec09	10	dec10-lowd	7	dec07	9	dec09	3	dec03
95JJ20S1	7	dec07	4	dec04	8	dec08	8	dec08	6	dec06	5	dec05	10	dec10-lowd	5	dec05
95JJ20S2	7	dec07	6	dec06	5	dec05	6	dec06	4	dec04	7	dec07	8	dec08	5	dec05
95JJ21W1	5	dec05	5	dec05	5	dec05	4	dec04	3	dec03	6	dec06	9	dec09	5	dec05
95JJ22W1	8	dec08	5	dec05	8	dec08	10	dec10-lowd	9	dec09	7	dec07	7	dec07	5	dec05
95KK01W1	3	dec03	3	dec03	3	dec03	2	dec02	3	dec03	1	dec01-highd	8	dec08	10	dec10-lowd
95KK02W1	6	dec06	7	dec07	6	dec06	4	dec04	5	dec05	3	dec03	6	dec06	9	dec09
95KK03W1	4	dec04	3	dec03	5	dec05	5	dec05	7	dec07	1	dec01-highd	6	dec06	9	dec09
95KK04W1	5	dec05	8	dec08	4	dec04	3	dec03	4	dec04	5	dec05	6	dec06	3	dec03
95KK05W1	4	dec04	3	dec03	5	dec05	5	dec05	4	dec04	1	dec01-highd	5	dec05	10	dec10-lowd
95KK06W1	3	dec03	5	dec05	3	dec03	3	dec03	3	dec03	7	dec07	4	dec04	4	dec04
95KK07W1	5	dec05	7	dec07	6	dec06	6	dec06	6	dec06	1	dec01-highd	6	dec06	9	dec09
95KK08W1	5	dec05	4	dec04	6	dec06	5	dec05	5	dec05	3	dec03	9	dec09	4	dec04
95KK09W1	5	dec05	6	dec06	4	dec04	3	dec03	3	dec03	8	dec08	7	dec07	2	dec02
95KK10W1	5	dec05	3	dec03	8	dec08	7	dec07	6	dec06	1	dec01-highd	4	dec04	8	dec08
95KK11W1	4	dec04	3	dec03	4	dec04	3	dec03	4	dec04	7	dec07	10	dec10-lowd	3	dec03
95KK12W1	2	dec02	1	dec01-highd	3	dec03	4	dec04	4	dec04	2	dec02	6	dec06	9	dec09
95KK13W1	6	dec06	5	dec05	6	dec06	6	dec06	6	dec06	3	dec03	4	dec04	8	dec08
95KK14W1	5	dec05	7	dec07	5	dec05	4	dec04	5	dec05	2	dec02	3	dec03	8	dec08
95KK15W1	6	dec06	8	dec08	6	dec06	6	dec06	6	dec06	1	dec01-highd	9	dec09	10	dec10-lowd
95KK16W1	7	dec07	9	dec09	6	dec06	4	dec04	5	dec05	8	dec08	8	dec08	2	dec02
95LL01S1	8	dec08	8	dec08	7	dec07	7	dec07	7	dec07	3	dec03	9	dec09	9	dec09
95LL01S2	8	dec08	8	dec08	8	dec08	7	dec07	8	dec08	3	dec03	7	dec07	8	dec08
95LL02S1	7	dec07	5	dec05	7	dec07	7	dec07	7	dec07	4	dec04	8	dec08	5	dec05
95LL02S2	1	dec01-highd	1	dec01-highd	3	dec03	3	dec03	2	dec02	10	dec10-lowd	1	dec01-highd	1	dec01-highd
95LL03W1	3	dec03	3	dec03	4	dec04	3	dec03	1	dec01-highd	6	dec06	8	dec08	3	dec03
95LL04W1	5	dec05	6	dec06	4	dec04	4	dec04	5	dec05	4	dec04	8	dec08	5	dec05
95LL05S1	10	dec10-lowd	9	dec09	10	dec10-lowd	10	dec10-lowd	9	dec09	3	dec03	10	dec10-lowd	10	dec10-lowd
95LL05S2	8	dec08	9	dec09	6	dec06	6	dec06	7	dec07	3	dec03	4	dec04	9	dec09
95LL06S1	5	dec05	3	dec03	6	dec06	7	dec07	4	dec04	4	dec04	4	dec04	6	dec06
95LL06S2	6	dec06	4	dec04	6	dec06	4	dec04	4	dec04	8	dec08	7	dec07	5	dec05
95LL07W1	1	dec01-highd	1	dec01-highd	3	dec03	3	dec03	1	dec01-highd	8	dec08	3	dec03	2	dec02
95LL08S1	2	dec02	2	dec02	2	dec02	2	dec02	2	dec02	8	dec08	5	dec05	3	dec03
95LL08S2	2	dec02	1	dec01-highd	2	dec02	3	dec03	1	dec01-highd	7	dec07	1	dec01-highd	2	dec02
95LL09S1	1	dec01-highd	2	dec02	1	dec01-highd	1	dec01-highd	1	dec01-highd	10	dec10-lowd	1	dec01-highd	1	dec01-highd
95LL09S2	3	dec03	7	dec07	2	dec02	2	dec02	2	dec02	10	dec10-lowd	4	dec04	2	dec02
95LL10S1	8	dec08	9	dec09	8	dec08	6	dec06	8	dec08	4	dec04	8	dec08	7	dec07
95LL10S2	7	dec07	8	dec08	8	dec08	8	dec08	7	dec07	1	dec01-highd	7	dec07	8	dec08
95LL11S1	6	dec06	5	dec05	6	dec06	7	dec07	6	dec06	3	dec03	7	dec07	6	dec06
95LL11S2	9	dec09	8	dec08	9	dec09	10	dec10-lowd	8	dec08	2	dec02	9	dec09	10	dec10-lowd
95LL12S1	3	dec03	4	dec04	3	dec03	2	dec02	2	dec02	4	dec04	8	dec08	3	dec03
95LL12S2	1	dec01-highd	2	dec02	1	dec01-highd	1	dec01-highd	1	dec01-highd	6	dec06	2	dec02	4	dec04
95LL13S1	3	dec03	4	dec04	4	dec04	4	dec04	3	dec03	4	dec04	7	dec07	2	dec02
95LL13S2	1	dec01-highd	2	dec02	2	dec02	1	dec01-highd	1	dec01-highd	6	dec06	9	dec09	1	dec01-highd
95LL14S1	1	dec01-highd	5	dec05	1	dec01-highd	1	dec01-highd	1	dec01-highd	7	dec07	2	dec02	4	dec04
95LL14S2	4	dec04	5	dec05	3	dec03	3	dec03	4	dec04	6	dec06	4	dec04	7	dec07
95LL15S1	5	dec05	4	dec04	6	dec06	4	dec04	6	dec06	9	dec09	4	dec04	3	dec03
95LL15S2	8	dec08	10	dec10-lowd	6	dec06	5	dec05	5	dec05	7	dec07	8	dec08	7	dec07
95LL16S1	9	dec09	9	dec09	9	dec09	8	dec08	8	dec08	4	dec04	10	dec10-lowd	6	dec06
95LL16S2	7	dec07	6	dec06	8	dec08	7	dec07	5	dec05	4	dec04	10	dec10-lowd	7	dec07
95LL17W1	6	dec06	4	dec04	5	dec05	5	dec05	5	dec05	7	dec07	9	dec09	6	dec06
95LL18S1	8	dec08	9	dec09	8	dec08	7	dec07	4	dec04	7	dec07	6	dec06	6	dec06
95LL18S2	9	dec09	10	dec10-lowd	9	dec09	7	dec07	6	dec06	5	dec05	9	dec09	10	dec10-lowd
95LL19S1	9	dec09	9	dec09	8	dec08	7	dec07	7	dec07	6	dec06	7	dec07	8	dec08
95LL19S2	8	dec08	6	dec06	9	dec09	8	dec08	8	dec08	3	dec03	9	dec09	9	dec09
95LL20W1	4	dec04	6	dec06	3	dec03	3	dec03	2	dec02	6	dec06	6	dec06	4	dec04
95LL21W1	5	dec05	4	dec04	5	dec05	4	dec04	4	dec04	8	dec08	7	dec07	3	dec03
95LL22W1	4	dec04	6	dec06	4	dec04	3	dec03	3	dec03	6	dec06	6	dec06	2	dec02
95LL23W1	2	dec02	2	dec02	3	dec03	3	dec03	2	dec02	9	dec09	6	dec06	3	dec03
95LL24S1	6	dec06	4	dec04	8	dec08	9	dec09	7	dec07	2	dec02	10	dec10-lowd	9	dec09
95LL24S2	7	dec07	8	dec08	7	dec07	7	dec07	6	dec06	2	dec02	8	dec08	9	dec09
95LL25S1	9	dec09	6	dec06	9	dec09	9	dec09	9	dec09	3	dec03	10	dec10-lowd	7	dec07
95LL25S2	9	dec09	8	dec08	9	dec09	9	dec09	10	dec10-lowd	4	dec04	5	dec05	7	dec07
95LL26S1	1	dec01-highd	1	dec01-highd	1	dec01-highd	2	dec02	1	dec01-highd	9	dec09	1	dec01-highd	1	dec01-highd
95LL26S2	9	dec09	9	dec09	8	dec08	7	dec07	9	dec09	6	dec06	6	dec06	8	dec08
95MM01S1	2	dec02	3	dec03	1	dec01-highd	2	dec02	1	dec01-highd	6	dec06	3	dec03	2	dec02
95MM01S2	7	dec07	3	dec03	7	dec07	7	dec07	7	dec07	7	dec07	9	dec09	4	dec04
95MM01S3	6	dec06	4	dec04	6	dec06	6	dec06	6	dec06	5	dec05	10	dec10-lowd	8	dec08
95MM02S1	7	dec07	7	dec07	5	dec05	6	dec06	9	dec09	6	dec06	7	dec07	4	dec04
95MM02S2	10	dec10-lowd	8	dec08	9	dec09	10	dec10-lowd	10	dec10-lowd	5	dec05	8	dec08	9	dec09
95MM03W1	3	dec03	2	dec02	5	dec05	6	dec06	6	dec06	1	dec01-highd	2	dec02	9	dec09
95MM04W1	3	dec03	5	dec05	1	dec01-highd	2	dec02	3	dec03	10	dec10-lowd	3	dec03	5	dec05
95MM05W1	1	dec01-highd	1	dec01-highd	1	dec01-highd	1	dec01-highd	2	dec02	6	dec06	2	dec02	1	dec01-highd
95MM06S1	3	dec03	5	dec05	2	dec02	2	dec02	4	dec04	7	dec07	6	dec06	3	dec03
95MM06S2	1	dec01-highd	2	dec02	1	dec01-highd	1	dec01-highd	2	dec02	10	dec10-lowd	3	dec03	2	dec02
95MM07W1	4	dec04	5	dec05	2	dec02	3	dec03	3	dec03	8	dec08	10	dec10-lowd	4	dec04
95MM08S1	1	dec01-highd	1	dec01-highd	1	dec01-highd	1	dec01-highd	2	dec02	9	dec09	9	dec09	2	dec02
95MM08S2	8	dec08	9	dec09	6	dec06	5	dec05	7	dec07	7	dec07	6	dec06	4	dec04
95MM09S1	6	dec06	7	dec07	4	dec04	5	dec05	6	dec06	3	dec03	10	dec10-lowd	7	dec07
95MM09S2	4	dec04	4	dec04	5	dec05	6	dec06	7	dec07	1	dec01-highd	3	dec03	6	dec06
95MM10S1	1	dec01-highd	1	dec01-highd	1	dec01-highd	1	dec01-highd	1	dec01-highd	8	dec08	1	dec01-highd	3	dec03
95MM10S2	1	dec01-highd	1	dec01-highd	1	dec01-highd	1	dec01-highd	2	dec02	9	dec09	3	dec03	3	dec03
95MM11W1	1	dec01-highd	1	dec01-highd	1	dec01-highd	1	dec01-highd	1	dec01-highd	8	dec08	4	dec04	3	dec03
95MM12S1	2	dec02	1	dec01-highd	2	dec02	4	dec04	5	dec05	3	dec03	5	dec05	3	dec03
95MM12S2	1	dec01-highd	1	dec01-highd	1	dec01-highd	1	dec01-highd	1	dec01-highd	6	dec06	6	dec06	1	dec01-highd
95MM12S3	2	dec02	2	dec02	2	dec02	2	dec02	3	dec03	6	dec06	5	dec05	4	dec04
95MM13S1	8	dec08	10	dec10-lowd	6	dec06	6	dec06	9	dec09	2	dec02	8	dec08	6	dec06
95MM13S2	1	dec01-highd	1	dec01-highd	1	dec01-highd	1	dec01-highd	1	dec01-highd	7	dec07	2	dec02	1	dec01-highd
95MM13S3	2	dec02	5	dec05	1	dec01-highd	1	dec01-highd	2	dec02	6	dec06	7	dec07	2	dec02
95MM13S4	4	dec04	4	dec04	3	dec03	3	dec03	5	dec05	4	dec04	10	dec10-lowd	5	dec05
95MM13S5	9	dec09	7	dec07	8	dec08	9	dec09	10	dec10-lowd	3	dec03	10	dec10-lowd	8	dec08
95MM14S1	5	dec05	5	dec05	3	dec03	5	dec05	7	dec07	10	dec10-lowd	4	dec04	2	dec02
95MM14S2	1	dec01-highd	1	dec01-highd	1	dec01-highd	2	dec02	2	dec02	10	dec10-lowd	1	dec01-highd	1	dec01-highd
95MM15S1	5	dec05	4	dec04	4	dec04	6	dec06	8	dec08	3	dec03	5	dec05	4	dec04
95MM15S2	8	dec08	6	dec06	7	dec07	7	dec07	8	dec08	4	dec04	9	dec09	7	dec07
95MM16S1	3	dec03	2	dec02	3	dec03	2	dec02	4	dec04	4	dec04	10	dec10-lowd	3	dec03
95MM16S2	8	dec08	7	dec07	7	dec07	7	dec07	9	dec09	3	dec03	6	dec06	5	dec05
95MM17S1	9	dec09	9	dec09	6	dec06	7	dec07	9	dec09	6	dec06	5	dec05	9	dec09
95MM17S2	3	dec03	5	dec05	2	dec02	2	dec02	4	dec04	8	dec08	5	dec05	4	dec04
95MM18S1	6	dec06	5	dec05	5	dec05	5	dec05	6	dec06	3	dec03	5	dec05	6	dec06
95MM18S2	7	dec07	7	dec07	7	dec07	5	dec05	7	dec07	4	dec04	7	dec07	5	dec05
95MM19S1	8	dec08	9	dec09	5	dec05	6	dec06	6	dec06	9	dec09	4	dec04	6	dec06
95MM19S2	5	dec05	5	dec05	4	dec04	4	dec04	5	dec05	9	dec09	4	dec04	4	dec04
95MM20S1	4	dec04	5	dec05	2	dec02	2	dec02	5	dec05	7	dec07	10	dec10-lowd	5	dec05
95MM20S2	6	dec06	6	dec06	5	dec05	5	dec05	6	dec06	10	dec10-lowd	3	dec03	4	dec04
95MM21S1	4	dec04	4	dec04	3	dec03	4	dec04	3	dec03	4	dec04	7	dec07	7	dec07
95MM21S2	9	dec09	9	dec09	7	dec07	8	dec08	9	dec09	4	dec04	9	dec09	8	dec08
95MM22S1	5	dec05	6	dec06	4	dec04	5	dec05	7	dec07	10	dec10-lowd	1	dec01-highd	1	dec01-highd
95MM22S2	9	dec09	10	dec10-lowd	6	dec06	6	dec06	10	dec10-lowd	8	dec08	10	dec10-lowd	7	dec07
95MM23W1	1	dec01-highd	1	dec01-highd	1	dec01-highd	2	dec02	3	dec03	10	dec10-lowd	1	dec01-highd	1	dec01-highd
95MM24W1	1	dec01-highd	2	dec02	1	dec01-highd	1	dec01-highd	3	dec03	9	dec09	2	dec02	3	dec03
95MM25S1	1	dec01-highd	1	dec01-highd	1	dec01-highd	1	dec01-highd	1	dec01-highd	8	dec08	4	dec04	1	dec01-highd
95MM25S2	1	dec01-highd	1	dec01-highd	1	dec01-highd	1	dec01-highd	2	dec02	5	dec05	3	dec03	1	dec01-highd
95MM25S3	1	dec01-highd	1	dec01-highd	1	dec01-highd	1	dec01-highd	2	dec02	4	dec04	9	dec09	2	dec02
95MM25S4	4	dec04	3	dec03	4	dec04	4	dec04	5	dec05	4	dec04	8	dec08	4	dec04
95MM26S1	2	dec02	2	dec02	2	dec02	2	dec02	3	dec03	7	dec07	3	dec03	4	dec04
95MM26S2	7	dec07	10	dec10-lowd	4	dec04	5	dec05	8	dec08	7	dec07	3	dec03	5	dec05
95MM27S1	1	dec01-highd	1	dec01-highd	1	dec01-highd	1	dec01-highd	3	dec03	10	dec10-lowd	1	dec01-highd	1	dec01-highd
95MM27S2	5	dec05	4	dec04	5	dec05	4	dec04	7	dec07	10	dec10-lowd	1	dec01-highd	3	dec03
95MM28W1	1	dec01-highd	1	dec01-highd	1	dec01-highd	1	dec01-highd	2	dec02	10	dec10-lowd	1	dec01-highd	1	dec01-highd
95MM29W1	2	dec02	2	dec02	2	dec02	2	dec02	3	dec03	8	dec08	3	dec03	2	dec02
95MM30W1	1	dec01-highd	1	dec01-highd	1	dec01-highd	1	dec01-highd	2	dec02	10	dec10-lowd	2	dec02	2	dec02
95NN01S1	2	dec02	4	dec04	2	dec02	3	dec03	2	dec02	3	dec03	7	dec07	3	dec03
95NN01S2	4	dec04	4	dec04	3	dec03	5	dec05	6	dec06	2	dec02	4	dec04	6	dec06
95NN02W1	7	dec07	8	dec08	6	dec06	6	dec06	6	dec06	5	dec05	8	dec08	3	dec03
95NN03S1	5	dec05	3	dec03	5	dec05	4	dec04	6	dec06	8	dec08	8	dec08	3	dec03
95NN03S2	6	dec06	7	dec07	5	dec05	5	dec05	4	dec04	4	dec04	10	dec10-lowd	7	dec07
95NN04W1	2	dec02	4	dec04	2	dec02	1	dec01-highd	2	dec02	6	dec06	8	dec08	1	dec01-highd
95NN05W1	4	dec04	3	dec03	4	dec04	4	dec04	3	dec03	8	dec08	6	dec06	3	dec03
95NN06S1	3	dec03	7	dec07	3	dec03	2	dec02	2	dec02	8	dec08	1	dec01-highd	4	dec04
95NN06S2	6	dec06	5	dec05	5	dec05	5	dec05	5	dec05	3	dec03	8	dec08	7	dec07
95NN07S1	4	dec04	7	dec07	3	dec03	2	dec02	5	dec05	6	dec06	10	dec10-lowd	2	dec02
95NN07S2	2	dec02	2	dec02	2	dec02	2	dec02	2	dec02	6	dec06	5	dec05	1	dec01-highd
95NN08S1	8	dec08	8	dec08	7	dec07	7	dec07	8	dec08	3	dec03	7	dec07	8	dec08
95NN08S2	8	dec08	7	dec07	8	dec08	9	dec09	7	dec07	3	dec03	9	dec09	7	dec07
95NN09S1	9	dec09	8	dec08	10	dec10-lowd	10	dec10-lowd	9	dec09	2	dec02	6	dec06	10	dec10-lowd
95NN09S2	6	dec06	5	dec05	6	dec06	7	dec07	8	dec08	2	dec02	1	dec01-highd	6	dec06
95NN10S1	5	dec05	8	dec08	3	dec03	4	dec04	8	dec08	5	dec05	6	dec06	2	dec02
95NN10S2	8	dec08	6	dec06	7	dec07	8	dec08	9	dec09	4	dec04	8	dec08	8	dec08
95NN11S1	5	dec05	5	dec05	4	dec04	3	dec03	5	dec05	3	dec03	4	dec04	6	dec06
95NN11S2	8	dec08	6	dec06	8	dec08	8	dec08	8	dec08	2	dec02	8	dec08	9	dec09
95NN12W1	4	dec04	3	dec03	5	dec05	5	dec05	5	dec05	3	dec03	7	dec07	5	dec05
95NN13W1	8	dec08	7	dec07	8	dec08	8	dec08	8	dec08	2	dec02	8	dec08	8	dec08
95NN14S1	3	dec03	3	dec03	3	dec03	4	dec04	4	dec04	2	dec02	4	dec04	4	dec04
95NN14S2	3	dec03	3	dec03	4	dec04	5	dec05	5	dec05	1	dec01-highd	2	dec02	7	dec07
95NN15W1	5	dec05	4	dec04	5	dec05	5	dec05	3	dec03	4	dec04	6	dec06	4	dec04
95NN16S1	9	dec09	7	dec07	10	dec10-lowd	10	dec10-lowd	10	dec10-lowd	3	dec03	5	dec05	8	dec08
95NN16S2	8	dec08	7	dec07	8	dec08	10	dec10-lowd	7	dec07	3	dec03	5	dec05	10	dec10-lowd
95NN17W1	1	dec01-highd	2	dec02	1	dec01-highd	2	dec02	2	dec02	5	dec05	7	dec07	1	dec01-highd
95NN18S1	3	dec03	5	dec05	2	dec02	2	dec02	3	dec03	6	dec06	2	dec02	3	dec03
95NN18S2	9	dec09	10	dec10-lowd	7	dec07	7	dec07	9	dec09	3	dec03	10	dec10-lowd	8	dec08
95NN19S1	9	dec09	9	dec09	7	dec07	7	dec07	9	dec09	7	dec07	9	dec09	7	dec07
95NN19S2	9	dec09	7	dec07	10	dec10-lowd	10	dec10-lowd	10	dec10-lowd	4	dec04	10	dec10-lowd	7	dec07
95NN20W1	5	dec05	5	dec05	6	dec06	6	dec06	6	dec06	1	dec01-highd	4	dec04	7	dec07
95NN21W1	4	dec04	3	dec03	4	dec04	5	dec05	6	dec06	6	dec06	2	dec02	1	dec01-highd
95NN22W1	6	dec06	7	dec07	7	dec07	7	dec07	7	dec07	1	dec01-highd	3	dec03	6	dec06
95NN23S1	5	dec05	6	dec06	5	dec05	6	dec06	5	dec05	1	dec01-highd	2	dec02	7	dec07
95NN23S2	5	dec05	3	dec03	5	dec05	5	dec05	8	dec08	3	dec03	5	dec05	5	dec05
95OO01W1	4	dec04	3	dec03	5	dec05	6	dec06	5	dec05	1	dec01-highd	2	dec02	10	dec10-lowd
95OO02W1	6	dec06	4	dec04	8	dec08	9	dec09	8	dec08	1	dec01-highd	3	dec03	9	dec09
95OO03W1	4	dec04	3	dec03	6	dec06	6	dec06	6	dec06	2	dec02	6	dec06	6	dec06
95OO04W1	3	dec03	2	dec02	4	dec04	4	dec04	5	dec05	2	dec02	7	dec07	7	dec07
95OO05W1	3	dec03	4	dec04	3	dec03	3	dec03	2	dec02	8	dec08	3	dec03	2	dec02
95OO06W1	6	dec06	4	dec04	8	dec08	7	dec07	7	dec07	2	dec02	5	dec05	9	dec09
95OO07W1	6	dec06	5	dec05	8	dec08	7	dec07	8	dec08	1	dec01-highd	2	dec02	9	dec09
95OO08W1	8	dec08	7	dec07	7	dec07	6	dec06	7	dec07	3	dec03	7	dec07	7	dec07
95OO09W1	4	dec04	4	dec04	6	dec06	6	dec06	5	dec05	1	dec01-highd	3	dec03	6	dec06
95OO10W1	4	dec04	5	dec05	3	dec03	3	dec03	4	dec04	4	dec04	9	dec09	6	dec06
95OO11W1	2	dec02	1	dec01-highd	2	dec02	1	dec01-highd	3	dec03	6	dec06	7	dec07	3	dec03
95OO12W1	5	dec05	5	dec05	4	dec04	4	dec04	3	dec03	3	dec03	8	dec08	6	dec06
95OO13W1	8	dec08	9	dec09	9	dec09	8	dec08	5	dec05	6	dec06	1	dec01-highd	7	dec07
95OO14W1	5	dec05	3	dec03	7	dec07	6	dec06	7	dec07	2	dec02	5	dec05	9	dec09
95OO15W1	4	dec04	4	dec04	3	dec03	3	dec03	3	dec03	6	dec06	7	dec07	5	dec05
95OO16W1	5	dec05	5	dec05	7	dec07	6	dec06	4	dec04	2	dec02	6	dec06	5	dec05
95OO17W1	7	dec07	6	dec06	7	dec07	7	dec07	6	dec06	2	dec02	7	dec07	8	dec08
95OO18W1	8	dec08	9	dec09	7	dec07	7	dec07	5	dec05	4	dec04	3	dec03	6	dec06
95OO19W1	7	dec07	4	dec04	8	dec08	8	dec08	7	dec07	3	dec03	8	dec08	5	dec05
95OO20W1	7	dec07	7	dec07	7	dec07	6	dec06	7	dec07	5	dec05	4	dec04	4	dec04
95OO21W1	4	dec04	4	dec04	4	dec04	4	dec04	6	dec06	7	dec07	2	dec02	2	dec02
95OO22W1	6	dec06	5	dec05	6	dec06	5	dec05	7	dec07	2	dec02	7	dec07	9	dec09
95PP01W1	6	dec06	5	dec05	7	dec07	6	dec06	6	dec06	2	dec02	8	dec08	9	dec09
95PP02W1	3	dec03	2	dec02	7	dec07	8	dec08	7	dec07	1	dec01-highd	3	dec03	7	dec07
95PP03W1	2	dec02	1	dec01-highd	5	dec05	7	dec07	6	dec06	1	dec01-highd	6	dec06	6	dec06
95PP04W1	5	dec05	3	dec03	8	dec08	8	dec08	5	dec05	1	dec01-highd	6	dec06	8	dec08
95PP05W1	5	dec05	3	dec03	7	dec07	8	dec08	7	dec07	1	dec01-highd	2	dec02	8	dec08
95PP06S1	5	dec05	6	dec06	4	dec04	3	dec03	3	dec03	5	dec05	8	dec08	4	dec04
95PP06S2	6	dec06	3	dec03	6	dec06	6	dec06	8	dec08	5	dec05	7	dec07	4	dec04
95PP07W1	5	dec05	4	dec04	6	dec06	8	dec08	7	dec07	1	dec01-highd	7	dec07	9	dec09
95PP08W1	5	dec05	2	dec02	7	dec07	10	dec10-lowd	6	dec06	1	dec01-highd	7	dec07	8	dec08
95PP09W1	1	dec01-highd	1	dec01-highd	1	dec01-highd	1	dec01-highd	2	dec02	7	dec07	2	dec02	1	dec01-highd
95PP10W1	3	dec03	1	dec01-highd	6	dec06	8	dec08	7	dec07	1	dec01-highd	7	dec07	9	dec09
95PP11W1	3	dec03	4	dec04	2	dec02	3	dec03	3	dec03	6	dec06	8	dec08	1	dec01-highd
95PP12W1	4	dec04	2	dec02	7	dec07	8	dec08	7	dec07	1	dec01-highd	3	dec03	8	dec08
95PP13W1	2	dec02	1	dec01-highd	2	dec02	3	dec03	4	dec04	4	dec04	8	dec08	3	dec03
95PP14S1	3	dec03	2	dec02	5	dec05	4	dec04	4	dec04	1	dec01-highd	4	dec04	9	dec09
95PP14S2	5	dec05	3	dec03	7	dec07	7	dec07	4	dec04	2	dec02	8	dec08	6	dec06
95PP15W1	7	dec07	7	dec07	8	dec08	7	dec07	6	dec06	3	dec03	4	dec04	8	dec08
95PP16W1	5	dec05	3	dec03	8	dec08	8	dec08	7	dec07	1	dec01-highd	2	dec02	7	dec07
95PP17W1	3	dec03	2	dec02	2	dec02	3	dec03	3	dec03	4	dec04	7	dec07	3	dec03
95PP18W1	5	dec05	3	dec03	6	dec06	7	dec07	5	dec05	2	dec02	8	dec08	8	dec08
95PP19W1	2	dec02	1	dec01-highd	3	dec03	4	dec04	5	dec05	1	dec01-highd	4	dec04	7	dec07
95PP20W1	3	dec03	2	dec02	4	dec04	4	dec04	5	dec05	5	dec05	5	dec05	1	dec01-highd
95PP21W1	2	dec02	1	dec01-highd	5	dec05	7	dec07	6	dec06	1	dec01-highd	4	dec04	8	dec08
95PP22W1	5	dec05	5	dec05	4	dec04	5	dec05	4	dec04	5	dec05	10	dec10-lowd	3	dec03
95PP23W1	4	dec04	2	dec02	5	dec05	6	dec06	5	dec05	1	dec01-highd	7	dec07	6	dec06
95QQ01W1	2	dec02	3	dec03	2	dec02	3	dec03	2	dec02	8	dec08	2	dec02	2	dec02
95QQ02W1	7	dec07	7	dec07	8	dec08	9	dec09	5	dec05	2	dec02	4	dec04	9	dec09
95QQ03W1	2	dec02	1	dec01-highd	2	dec02	2	dec02	2	dec02	5	dec05	5	dec05	2	dec02
95QQ04W1	5	dec05	6	dec06	3	dec03	3	dec03	3	dec03	6	dec06	6	dec06	8	dec08
95QQ05W1	9	dec09	8	dec08	8	dec08	9	dec09	9	dec09	3	dec03	4	dec04	9	dec09
95QQ06W1	5	dec05	6	dec06	4	dec04	5	dec05	5	dec05	2	dec02	4	dec04	4	dec04
95QQ07W1	3	dec03	4	dec04	2	dec02	3	dec03	4	dec04	9	dec09	1	dec01-highd	1	dec01-highd
95QQ08W1	3	dec03	6	dec06	2	dec02	2	dec02	2	dec02	8	dec08	4	dec04	5	dec05
95QQ09W1	7	dec07	8	dec08	5	dec05	6	dec06	7	dec07	8	dec08	4	dec04	4	dec04
95QQ10W1	4	dec04	4	dec04	7	dec07	8	dec08	7	dec07	1	dec01-highd	1	dec01-highd	5	dec05
95QQ11W1	7	dec07	5	dec05	7	dec07	8	dec08	7	dec07	2	dec02	4	dec04	8	dec08
95QQ12W1	5	dec05	6	dec06	4	dec04	6	dec06	5	dec05	5	dec05	2	dec02	5	dec05
95QQ13W1	6	dec06	7	dec07	7	dec07	9	dec09	6	dec06	1	dec01-highd	1	dec01-highd	9	dec09
95QQ14S1	9	dec09	8	dec08	9	dec09	8	dec08	7	dec07	4	dec04	9	dec09	6	dec06
95QQ14S2	7	dec07	6	dec06	8	dec08	9	dec09	8	dec08	2	dec02	2	dec02	8	dec08
95QQ15W1	4	dec04	3	dec03	4	dec04	4	dec04	4	dec04	9	dec09	1	dec01-highd	5	dec05
95RR01S1	5	dec05	3	dec03	5	dec05	5	dec05	7	dec07	5	dec05	10	dec10-lowd	8	dec08
95RR01S2	6	dec06	6	dec06	7	dec07	8	dec08	7	dec07	1	dec01-highd	2	dec02	7	dec07
95RR02W1	3	dec03	3	dec03	3	dec03	5	dec05	4	dec04	3	dec03	3	dec03	4	dec04
95RR03W1	1	dec01-highd	1	dec01-highd	1	dec01-highd	1	dec01-highd	1	dec01-highd	6	dec06	5	dec05	1	dec01-highd
95RR04W1	2	dec02	1	dec01-highd	2	dec02	3	dec03	6	dec06	6	dec06	8	dec08	6	dec06
95RR05S1	7	dec07	8	dec08	5	dec05	5	dec05	8	dec08	5	dec05	9	dec09	6	dec06
95RR05S2	2	dec02	3	dec03	2	dec02	2	dec02	2	dec02	6	dec06	8	dec08	1	dec01-highd
95RR06W1	3	dec03	1	dec01-highd	5	dec05	5	dec05	5	dec05	3	dec03	5	dec05	8	dec08
95RR07W1	6	dec06	4	dec04	5	dec05	6	dec06	6	dec06	3	dec03	5	dec05	8	dec08
95RR08W1	5	dec05	4	dec04	5	dec05	7	dec07	8	dec08	1	dec01-highd	6	dec06	9	dec09
95RR09S1	4	dec04	3	dec03	3	dec03	4	dec04	6	dec06	3	dec03	7	dec07	7	dec07
95RR09S2	3	dec03	2	dec02	5	dec05	5	dec05	4	dec04	3	dec03	4	dec04	5	dec05
95RR10W1	1	dec01-highd	1	dec01-highd	1	dec01-highd	1	dec01-highd	1	dec01-highd	7	dec07	4	dec04	1	dec01-highd
95RR11W1	6	dec06	7	dec07	8	dec08	6	dec06	7	dec07	1	dec01-highd	4	dec04	7	dec07
95RR12W1	4	dec04	5	dec05	3	dec03	5	dec05	5	dec05	6	dec06	2	dec02	2	dec02
95RR13W1	3	dec03	4	dec04	2	dec02	3	dec03	4	dec04	9	dec09	2	dec02	1	dec01-highd
95RR14W1	3	dec03	1	dec01-highd	4	dec04	6	dec06	6	dec06	1	dec01-highd	7	dec07	10	dec10-lowd
95RR15W1	5	dec05	5	dec05	4	dec04	6	dec06	6	dec06	2	dec02	7	dec07	10	dec10-lowd
95SS01S1	8	dec08	9	dec09	10	dec10-lowd	9	dec09	9	dec09	1	dec01-highd	4	dec04	10	dec10-lowd
95SS01S2	8	dec08	8	dec08	8	dec08	9	dec09	7	dec07	3	dec03	8	dec08	9	dec09
95SS02S1	8	dec08	9	dec09	8	dec08	8	dec08	5	dec05	7	dec07	1	dec01-highd	4	dec04
95SS02S2	10	dec10-lowd	10	dec10-lowd	10	dec10-lowd	10	dec10-lowd	10	dec10-lowd	5	dec05	2	dec02	10	dec10-lowd
95SS03S1	8	dec08	8	dec08	10	dec10-lowd	10	dec10-lowd	10	dec10-lowd	1	dec01-highd	2	dec02	10	dec10-lowd
95SS03S2	8	dec08	9	dec09	10	dec10-lowd	10	dec10-lowd	10	dec10-lowd	1	dec01-highd	1	dec01-highd	10	dec10-lowd
95SS04S1	5	dec05	6	dec06	4	dec04	3	dec03	4	dec04	5	dec05	10	dec10-lowd	4	dec04
95SS04S2	7	dec07	7	dec07	6	dec06	5	dec05	3	dec03	5	dec05	8	dec08	7	dec07
95SS04S3	9	dec09	8	dec08	9	dec09	8	dec08	7	dec07	3	dec03	6	dec06	8	dec08
95SS05S1	6	dec06	7	dec07	5	dec05	6	dec06	3	dec03	10	dec10-lowd	4	dec04	3	dec03
95SS05S2	10	dec10-lowd	10	dec10-lowd	10	dec10-lowd	10	dec10-lowd	10	dec10-lowd	4	dec04	8	dec08	6	dec06
95SS06S1	1	dec01-highd	5	dec05	1	dec01-highd	1	dec01-highd	1	dec01-highd	4	dec04	1	dec01-highd	2	dec02
95SS06S2	1	dec01-highd	2	dec02	1	dec01-highd	1	dec01-highd	1	dec01-highd	7	dec07	2	dec02	2	dec02
95SS06S3	1	dec01-highd	2	dec02	1	dec01-highd	1	dec01-highd	1	dec01-highd	9	dec09	1	dec01-highd	1	dec01-highd
95SS07S1	6	dec06	8	dec08	6	dec06	4	dec04	3	dec03	4	dec04	9	dec09	5	dec05
95SS07S2	7	dec07	7	dec07	5	dec05	5	dec05	5	dec05	8	dec08	6	dec06	6	dec06
95SS07S3	7	dec07	7	dec07	6	dec06	6	dec06	5	dec05	5	dec05	10	dec10-lowd	5	dec05
95SS08S1	9	dec09	8	dec08	9	dec09	9	dec09	10	dec10-lowd	3	dec03	5	dec05	10	dec10-lowd
95SS08S2	8	dec08	8	dec08	8	dec08	8	dec08	8	dec08	2	dec02	3	dec03	9	dec09
95SS09S1	9	dec09	9	dec09	10	dec10-lowd	10	dec10-lowd	10	dec10-lowd	3	dec03	1	dec01-highd	8	dec08
95SS09S2	8	dec08	8	dec08	9	dec09	10	dec10-lowd	10	dec10-lowd	2	dec02	3	dec03	5	dec05
95SS10S1	7	dec07	6	dec06	6	dec06	6	dec06	8	dec08	9	dec09	4	dec04	2	dec02
95SS10S2	10	dec10-lowd	10	dec10-lowd	9	dec09	9	dec09	10	dec10-lowd	8	dec08	3	dec03	5	dec05
95SS11S1	8	dec08	9	dec09	9	dec09	7	dec07	8	dec08	3	dec03	9	dec09	6	dec06
95SS11S2	8	dec08	8	dec08	9	dec09	9	dec09	8	dec08	1	dec01-highd	3	dec03	7	dec07
95SS12W1	10	dec10-lowd	10	dec10-lowd	9	dec09	9	dec09	9	dec09	9	dec09	5	dec05	7	dec07
95SS13S1	3	dec03	2	dec02	4	dec04	4	dec04	2	dec02	9	dec09	1	dec01-highd	2	dec02
95SS13S2	3	dec03	2	dec02	4	dec04	4	dec04	3	dec03	10	dec10-lowd	4	dec04	4	dec04
95SS14S1	4	dec04	7	dec07	3	dec03	3	dec03	2	dec02	8	dec08	5	dec05	5	dec05
95SS14S2	8	dec08	6	dec06	9	dec09	9	dec09	8	dec08	3	dec03	8	dec08	9	dec09
95SS15S1	10	dec10-lowd	8	dec08	10	dec10-lowd	10	dec10-lowd	10	dec10-lowd	6	dec06	8	dec08	9	dec09
95SS15S2	10	dec10-lowd	9	dec09	10	dec10-lowd	10	dec10-lowd	10	dec10-lowd	3	dec03	4	dec04	9	dec09
95SS16S1	7	dec07	9	dec09	4	dec04	3	dec03	7	dec07	9	dec09	4	dec04	6	dec06
95SS16S2	2	dec02	6	dec06	1	dec01-highd	1	dec01-highd	2	dec02	9	dec09	2	dec02	1	dec01-highd
95SS17S1	7	dec07	7	dec07	7	dec07	6	dec06	4	dec04	5	dec05	8	dec08	6	dec06
95SS17S2	4	dec04	6	dec06	4	dec04	3	dec03	3	dec03	5	dec05	4	dec04	4	dec04
95SS18S1	3	dec03	4	dec04	3	dec03	3	dec03	2	dec02	7	dec07	8	dec08	5	dec05
95SS18S2	5	dec05	5	dec05	3	dec03	4	dec04	6	dec06	9	dec09	6	dec06	1	dec01-highd
95SS19S1	7	dec07	7	dec07	7	dec07	7	dec07	5	dec05	6	dec06	7	dec07	3	dec03
95SS19S2	5	dec05	6	dec06	5	dec05	5	dec05	2	dec02	5	dec05	6	dec06	5	dec05
95SS20W1	10	dec10-lowd	9	dec09	9	dec09	9	dec09	7	dec07	8	dec08	7	dec07	7	dec07
95SS21S1	8	dec08	8	dec08	10	dec10-lowd	9	dec09	9	dec09	3	dec03	3	dec03	5	dec05
95SS21S2	9	dec09	9	dec09	9	dec09	9	dec09	9	dec09	2	dec02	4	dec04	9	dec09
95SS22S1	9	dec09	7	dec07	9	dec09	8	dec08	5	dec05	9	dec09	6	dec06	9	dec09
95SS22S2	10	dec10-lowd	10	dec10-lowd	9	dec09	9	dec09	9	dec09	6	dec06	8	dec08	10	dec10-lowd
95SS23S1	9	dec09	8	dec08	9	dec09	10	dec10-lowd	9	dec09	4	dec04	6	dec06	9	dec09
95SS23S2	8	dec08	8	dec08	8	dec08	7	dec07	7	dec07	2	dec02	6	dec06	9	dec09
95SS24S1	10	dec10-lowd	9	dec09	10	dec10-lowd	10	dec10-lowd	10	dec10-lowd	3	dec03	9	dec09	6	dec06
95SS24S2	9	dec09	9	dec09	9	dec09	8	dec08	9	dec09	5	dec05	10	dec10-lowd	8	dec08
95SS25W1	2	dec02	2	dec02	2	dec02	2	dec02	1	dec01-highd	6	dec06	6	dec06	2	dec02
95SS26S1	1	dec01-highd	2	dec02	1	dec01-highd	1	dec01-highd	1	dec01-highd	6	dec06	3	dec03	1	dec01-highd
95SS26S2	6	dec06	7	dec07	4	dec04	4	dec04	4	dec04	8	dec08	6	dec06	4	dec04
95SS27W1	5	dec05	6	dec06	4	dec04	4	dec04	4	dec04	7	dec07	5	dec05	5	dec05
95SS28W1	4	dec04	5	dec05	3	dec03	3	dec03	3	dec03	9	dec09	2	dec02	3	dec03
95SS29S1	1	dec01-highd	2	dec02	1	dec01-highd	1	dec01-highd	1	dec01-highd	7	dec07	1	dec01-highd	3	dec03
95SS29S2	1	dec01-highd	1	dec01-highd	1	dec01-highd	1	dec01-highd	2	dec02	8	dec08	1	dec01-highd	2	dec02
95SS30S1	10	dec10-lowd	10	dec10-lowd	10	dec10-lowd	10	dec10-lowd	8	dec08	9	dec09	2	dec02	10	dec10-lowd
95SS30S2	10	dec10-lowd	10	dec10-lowd	10	dec10-lowd	10	dec10-lowd	10	dec10-lowd	5	dec05	4	dec04	8	dec08
95TT01W1	8	dec08	8	dec08	9	dec09	8	dec08	9	dec09	2	dec02	4	dec04	9	dec09
95TT02W1	7	dec07	5	dec05	7	dec07	7	dec07	8	dec08	2	dec02	6	dec06	10	dec10-lowd
95TT03S1	6	dec06	7	dec07	5	dec05	4	dec04	4	dec04	4	dec04	5	dec05	6	dec06
95TT03S2	7	dec07	6	dec06	6	dec06	7	dec07	7	dec07	4	dec04	7	dec07	9	dec09
95TT04W1	5	dec05	3	dec03	5	dec05	5	dec05	7	dec07	2	dec02	8	dec08	10	dec10-lowd
95TT05S1	8	dec08	7	dec07	8	dec08	8	dec08	7	dec07	7	dec07	7	dec07	3	dec03
95TT05S2	3	dec03	4	dec04	3	dec03	2	dec02	2	dec02	9	dec09	6	dec06	5	dec05
95TT06W1	7	dec07	6	dec06	7	dec07	6	dec06	7	dec07	2	dec02	7	dec07	9	dec09
95TT07W1	8	dec08	9	dec09	8	dec08	7	dec07	8	dec08	2	dec02	5	dec05	9	dec09
95TT08W1	7	dec07	5	dec05	8	dec08	8	dec08	8	dec08	1	dec01-highd	6	dec06	10	dec10-lowd
95TT09S1	6	dec06	7	dec07	7	dec07	6	dec06	9	dec09	1	dec01-highd	6	dec06	10	dec10-lowd
95TT09S2	8	dec08	7	dec07	9	dec09	9	dec09	10	dec10-lowd	1	dec01-highd	5	dec05	10	dec10-lowd
95TT10W1	3	dec03	2	dec02	4	dec04	4	dec04	4	dec04	6	dec06	3	dec03	4	dec04
95TT11S1	7	dec07	5	dec05	7	dec07	8	dec08	9	dec09	2	dec02	9	dec09	10	dec10-lowd
95TT11S2	6	dec06	4	dec04	8	dec08	9	dec09	9	dec09	1	dec01-highd	5	dec05	10	dec10-lowd
95TT12W1	7	dec07	7	dec07	7	dec07	6	dec06	8	dec08	2	dec02	5	dec05	9	dec09
95TT13S1	5	dec05	3	dec03	6	dec06	6	dec06	4	dec04	7	dec07	5	dec05	5	dec05
95TT13S2	3	dec03	3	dec03	3	dec03	2	dec02	3	dec03	9	dec09	9	dec09	2	dec02
95TT14W1	7	dec07	7	dec07	5	dec05	5	dec05	5	dec05	8	dec08	9	dec09	3	dec03
95TT15W1	5	dec05	3	dec03	6	dec06	5	dec05	7	dec07	2	dec02	3	dec03	9	dec09
95TT16W1	6	dec06	4	dec04	7	dec07	7	dec07	7	dec07	2	dec02	5	dec05	9	dec09
95UU06W1	7	dec07	7	dec07	5	dec05	6	dec06	7	dec07	5	dec05	10	dec10-lowd	6	dec06
95UU09W1	7	dec07	5	dec05	7	dec07	7	dec07	9	dec09	2	dec02	6	dec06	7	dec07
95UU14W1	3	dec03	2	dec02	3	dec03	3	dec03	4	dec04	5	dec05	10	dec10-lowd	5	dec05
95UU99C1	2	dec02	1	dec01-highd	4	dec04	4	dec04	5	dec05	1	dec01-highd	4	dec04	6	dec06
95UU99C2	2	dec02	1	dec01-highd	4	dec04	7	dec07	2	dec02	3	dec03	9	dec09	6	dec06
95UU99C3	6	dec06	4	dec04	6	dec06	8	dec08	8	dec08	2	dec02	3	dec03	4	dec04
95UU99C4	3	dec03	1	dec01-highd	5	dec05	7	dec07	6	dec06	1	dec01-highd	2	dec02	9	dec09
95UU99C5	6	dec06	5	dec05	7	dec07	8	dec08	8	dec08	1	dec01-highd	4	dec04	8	dec08
95UU99C6	2	dec02	1	dec01-highd	3	dec03	4	dec04	4	dec04	3	dec03	4	dec04	3	dec03
95VV01S1	5	dec05	2	dec02	7	dec07	7	dec07	5	dec05	2	dec02	3	dec03	6	dec06
95VV01S2	3	dec03	1	dec01-highd	4	dec04	4	dec04	4	dec04	4	dec04	7	dec07	4	dec04
95VV02W1	2	dec02	4	dec04	1	dec01-highd	1	dec01-highd	2	dec02	7	dec07	1	dec01-highd	1	dec01-highd
95VV03W1	2	dec02	4	dec04	2	dec02	2	dec02	1	dec01-highd	5	dec05	2	dec02	4	dec04
95VV04W1	4	dec04	2	dec02	7	dec07	8	dec08	7	dec07	2	dec02	5	dec05	8	dec08
95VV05S1	6	dec06	3	dec03	7	dec07	9	dec09	9	dec09	2	dec02	3	dec03	9	dec09
95VV05S2	8	dec08	5	dec05	9	dec09	10	dec10-lowd	9	dec09	2	dec02	9	dec09	10	dec10-lowd
95VV06W1	3	dec03	2	dec02	4	dec04	5	dec05	7	dec07	3	dec03	5	dec05	6	dec06
95VV07S1	2	dec02	2	dec02	2	dec02	3	dec03	3	dec03	7	dec07	2	dec02	1	dec01-highd
95VV07S2	7	dec07	5	dec05	6	dec06	7	dec07	8	dec08	5	dec05	10	dec10-lowd	8	dec08
95VV08W1	1	dec01-highd	1	dec01-highd	3	dec03	5	dec05	5	dec05	1	dec01-highd	2	dec02	9	dec09
95VV09W1	1	dec01-highd	1	dec01-highd	2	dec02	3	dec03	4	dec04	3	dec03	1	dec01-highd	9	dec09
95VV10S1	2	dec02	6	dec06	2	dec02	1	dec01-highd	2	dec02	7	dec07	2	dec02	2	dec02
95VV10S2	1	dec01-highd	2	dec02	2	dec02	1	dec01-highd	3	dec03	8	dec08	1	dec01-highd	1	dec01-highd
95VV11S1	8	dec08	6	dec06	8	dec08	7	dec07	9	dec09	3	dec03	9	dec09	9	dec09
95VV11S2	7	dec07	4	dec04	7	dec07	7	dec07	9	dec09	4	dec04	7	dec07	8	dec08
95VV12S1	2	dec02	1	dec01-highd	4	dec04	3	dec03	3	dec03	5	dec05	1	dec01-highd	2	dec02
95VV12S2	3	dec03	3	dec03	3	dec03	3	dec03	3	dec03	6	dec06	5	dec05	5	dec05
95VV13S1	4	dec04	2	dec02	7	dec07	8	dec08	9	dec09	1	dec01-highd	7	dec07	9	dec09
95VV13S2	6	dec06	3	dec03	8	dec08	8	dec08	9	dec09	2	dec02	5	dec05	8	dec08
95VV14S1	4	dec04	4	dec04	4	dec04	4	dec04	4	dec04	6	dec06	3	dec03	6	dec06
95VV14S2	4	dec04	2	dec02	5	dec05	4	dec04	8	dec08	7	dec07	2	dec02	1	dec01-highd
95VV15S1	1	dec01-highd	1	dec01-highd	1	dec01-highd	2	dec02	2	dec02	8	dec08	3	dec03	3	dec03
95VV15S2	7	dec07	9	dec09	5	dec05	4	dec04	5	dec05	6	dec06	7	dec07	5	dec05
95VV16W1	3	dec03	2	dec02	4	dec04	6	dec06	4	dec04	3	dec03	6	dec06	5	dec05
95VV17S1	3	dec03	1	dec01-highd	4	dec04	5	dec05	6	dec06	3	dec03	5	dec05	8	dec08
95VV17S2	2	dec02	1	dec01-highd	4	dec04	5	dec05	8	dec08	2	dec02	6	dec06	8	dec08
95VV18S1	7	dec07	5	dec05	6	dec06	7	dec07	5	dec05	7	dec07	5	dec05	4	dec04
95VV18S2	3	dec03	5	dec05	2	dec02	3	dec03	4	dec04	5	dec05	3	dec03	3	dec03
95VV19S1	6	dec06	7	dec07	5	dec05	6	dec06	4	dec04	4	dec04	7	dec07	3	dec03
95VV19S2	2	dec02	1	dec01-highd	2	dec02	2	dec02	3	dec03	5	dec05	5	dec05	3	dec03
95VV20W1	4	dec04	4	dec04	6	dec06	6	dec06	6	dec06	1	dec01-highd	4	dec04	6	dec06
95VV21S1	5	dec05	2	dec02	6	dec06	7	dec07	6	dec06	2	dec02	9	dec09	10	dec10-lowd
95VV21S2	7	dec07	7	dec07	9	dec09	8	dec08	9	dec09	1	dec01-highd	7	dec07	10	dec10-lowd
95VV22W1	2	dec02	1	dec01-highd	5	dec05	6	dec06	5	dec05	1	dec01-highd	3	dec03	5	dec05
95VV23W1	5	dec05	3	dec03	6	dec06	6	dec06	7	dec07	3	dec03	2	dec02	6	dec06
95VV24S1	7	dec07	5	dec05	7	dec07	8	dec08	10	dec10-lowd	6	dec06	3	dec03	4	dec04
95VV24S2	3	dec03	2	dec02	3	dec03	3	dec03	4	dec04	6	dec06	4	dec04	5	dec05
95VV25S1	2	dec02	1	dec01-highd	3	dec03	5	dec05	6	dec06	1	dec01-highd	8	dec08	8	dec08
95VV25S2	3	dec03	1	dec01-highd	6	dec06	8	dec08	8	dec08	1	dec01-highd	7	dec07	10	dec10-lowd
95VV26W1	4	dec04	2	dec02	6	dec06	6	dec06	6	dec06	2	dec02	5	dec05	7	dec07
95VV27W1	3	dec03	4	dec04	3	dec03	3	dec03	3	dec03	6	dec06	1	dec01-highd	2	dec02
95VV28S1	5	dec05	5	dec05	4	dec04	5	dec05	5	dec05	7	dec07	2	dec02	4	dec04
95VV28S2	2	dec02	2	dec02	2	dec02	2	dec02	4	dec04	8	dec08	1	dec01-highd	1	dec01-highd
95VV29W1	4	dec04	1	dec01-highd	7	dec07	8	dec08	7	dec07	2	dec02	5	dec05	8	dec08
95VV30S1	8	dec08	8	dec08	7	dec07	8	dec08	9	dec09	6	dec06	3	dec03	7	dec07
95VV30S2	5	dec05	6	dec06	4	dec04	3	dec03	4	dec04	6	dec06	5	dec05	2	dec02
95WW01S1	6	dec06	7	dec07	4	dec04	5	dec05	4	dec04	9	dec09	4	dec04	4	dec04
95WW01S2	5	dec05	5	dec05	5	dec05	4	dec04	4	dec04	9	dec09	3	dec03	3	dec03
95WW02S1	6	dec06	6	dec06	4	dec04	4	dec04	4	dec04	7	dec07	10	dec10-lowd	5	dec05
95WW02S2	7	dec07	5	dec05	7	dec07	7	dec07	5	dec05	7	dec07	10	dec10-lowd	5	dec05
95WW03S1	4	dec04	6	dec06	3	dec03	4	dec04	2	dec02	8	dec08	5	dec05	3	dec03
95WW03S2	9	dec09	9	dec09	8	dec08	8	dec08	6	dec06	6	dec06	9	dec09	7	dec07
95WW04S1	6	dec06	7	dec07	5	dec05	4	dec04	3	dec03	6	dec06	7	dec07	6	dec06
95WW04S2	8	dec08	9	dec09	6	dec06	5	dec05	4	dec04	8	dec08	7	dec07	8	dec08
95WW05S1	8	dec08	10	dec10-lowd	8	dec08	7	dec07	6	dec06	7	dec07	2	dec02	7	dec07
95WW05S2	6	dec06	8	dec08	5	dec05	4	dec04	4	dec04	10	dec10-lowd	3	dec03	5	dec05
95WW06S1	8	dec08	8	dec08	10	dec10-lowd	10	dec10-lowd	8	dec08	1	dec01-highd	3	dec03	9	dec09
95WW06S2	9	dec09	9	dec09	10	dec10-lowd	10	dec10-lowd	10	dec10-lowd	3	dec03	10	dec10-lowd	8	dec08
95WW07S1	9	dec09	9	dec09	9	dec09	10	dec10-lowd	9	dec09	3	dec03	3	dec03	10	dec10-lowd
95WW07S2	9	dec09	10	dec10-lowd	9	dec09	8	dec08	6	dec06	4	dec04	5	dec05	7	dec07
95WW08S1	9	dec09	10	dec10-lowd	8	dec08	8	dec08	6	dec06	9	dec09	3	dec03	7	dec07
95WW08S2	9	dec09	10	dec10-lowd	8	dec08	7	dec07	6	dec06	8	dec08	4	dec04	6	dec06
95WW09S1	2	dec02	3	dec03	2	dec02	2	dec02	1	dec01-highd	7	dec07	6	dec06	5	dec05
95WW09S2	9	dec09	10	dec10-lowd	8	dec08	8	dec08	7	dec07	8	dec08	3	dec03	7	dec07
95WW10S1	7	dec07	8	dec08	6	dec06	5	dec05	6	dec06	6	dec06	9	dec09	4	dec04
95WW10S2	6	dec06	8	dec08	4	dec04	4	dec04	4	dec04	9	dec09	5	dec05	4	dec04
95WW11S1	10	dec10-lowd	9	dec09	10	dec10-lowd	8	dec08	9	dec09	5	dec05	7	dec07	6	dec06
95WW11S2	9	dec09	10	dec10-lowd	8	dec08	8	dec08	9	dec09	8	dec08	3	dec03	3	dec03
95WW12W1	2	dec02	2	dec02	2	dec02	2	dec02	1	dec01-highd	10	dec10-lowd	3	dec03	3	dec03
95WW13S1	9	dec09	9	dec09	9	dec09	10	dec10-lowd	9	dec09	4	dec04	8	dec08	9	dec09
95WW13S2	8	dec08	6	dec06	9	dec09	9	dec09	8	dec08	3	dec03	8	dec08	7	dec07
95WW14W1	1	dec01-highd	2	dec02	1	dec01-highd	2	dec02	1	dec01-highd	8	dec08	5	dec05	4	dec04
95WW15S1	9	dec09	8	dec08	8	dec08	7	dec07	7	dec07	8	dec08	7	dec07	6	dec06
95WW15S2	10	dec10-lowd	10	dec10-lowd	9	dec09	8	dec08	8	dec08	7	dec07	9	dec09	8	dec08
95WW16S1	8	dec08	10	dec10-lowd	8	dec08	6	dec06	5	dec05	9	dec09	3	dec03	2	dec02
95WW16S2	3	dec03	4	dec04	3	dec03	2	dec02	1	dec01-highd	8	dec08	8	dec08	4	dec04
95WW17W1	6	dec06	9	dec09	4	dec04	4	dec04	3	dec03	7	dec07	8	dec08	5	dec05
95WW18W1	6	dec06	7	dec07	6	dec06	5	dec05	5	dec05	9	dec09	2	dec02	2	dec02
95WW19S1	9	dec09	9	dec09	8	dec08	7	dec07	9	dec09	8	dec08	8	dec08	7	dec07
95WW19S2	10	dec10-lowd	10	dec10-lowd	10	dec10-lowd	10	dec10-lowd	10	dec10-lowd	5	dec05	7	dec07	10	dec10-lowd
95WW19S3	10	dec10-lowd	10	dec10-lowd	10	dec10-lowd	10	dec10-lowd	10	dec10-lowd	5	dec05	7	dec07	10	dec10-lowd
95WW20S1	9	dec09	9	dec09	9	dec09	9	dec09	8	dec08	3	dec03	9	dec09	6	dec06
95WW20S2	9	dec09	9	dec09	10	dec10-lowd	9	dec09	7	dec07	4	dec04	9	dec09	7	dec07
95WW20S3	10	dec10-lowd	10	dec10-lowd	10	dec10-lowd	10	dec10-lowd	9	dec09	5	dec05	3	dec03	10	dec10-lowd
95WW21S1	2	dec02	3	dec03	2	dec02	2	dec02	1	dec01-highd	7	dec07	2	dec02	3	dec03
95WW21S2	6	dec06	6	dec06	6	dec06	4	dec04	4	dec04	7	dec07	4	dec04	5	dec05
95WW22S1	9	dec09	9	dec09	9	dec09	7	dec07	6	dec06	7	dec07	4	dec04	6	dec06
95WW22S2	3	dec03	6	dec06	3	dec03	2	dec02	1	dec01-highd	7	dec07	9	dec09	5	dec05
95WW23S1	8	dec08	8	dec08	6	dec06	6	dec06	6	dec06	7	dec07	7	dec07	3	dec03
95WW23S2	10	dec10-lowd	10	dec10-lowd	10	dec10-lowd	10	dec10-lowd	9	dec09	7	dec07	7	dec07	10	dec10-lowd
95WW24S1	4	dec04	6	dec06	3	dec03	3	dec03	3	dec03	10	dec10-lowd	5	dec05	2	dec02
95WW24S2	3	dec03	4	dec04	3	dec03	2	dec02	1	dec01-highd	8	dec08	6	dec06	2	dec02
95WW25W1	2	dec02	3	dec03	2	dec02	2	dec02	2	dec02	7	dec07	6	dec06	3	dec03
95XX01S1	10	dec10-lowd	10	dec10-lowd	10	dec10-lowd	10	dec10-lowd	10	dec10-lowd	4	dec04	10	dec10-lowd	10	dec10-lowd
95XX01S2	10	dec10-lowd	8	dec08	9	dec09	10	dec10-lowd	10	dec10-lowd	5	dec05	10	dec10-lowd	10	dec10-lowd
95XX01S3	9	dec09	7	dec07	8	dec08	8	dec08	8	dec08	6	dec06	6	dec06	9	dec09
95XX02W1	10	dec10-lowd	8	dec08	10	dec10-lowd	10	dec10-lowd	10	dec10-lowd	9	dec09	3	dec03	8	dec08
95XX03S1	9	dec09	9	dec09	9	dec09	9	dec09	7	dec07	6	dec06	3	dec03	9	dec09
95XX03S2	10	dec10-lowd	8	dec08	10	dec10-lowd	10	dec10-lowd	9	dec09	5	dec05	10	dec10-lowd	10	dec10-lowd
95XX04S1	10	dec10-lowd	10	dec10-lowd	10	dec10-lowd	9	dec09	9	dec09	6	dec06	7	dec07	9	dec09
95XX04S2	9	dec09	8	dec08	7	dec07	7	dec07	6	dec06	7	dec07	10	dec10-lowd	5	dec05
95XX05W1	7	dec07	6	dec06	6	dec06	6	dec06	5	dec05	8	dec08	8	dec08	3	dec03
95XX06S1	4	dec04	4	dec04	5	dec05	4	dec04	3	dec03	7	dec07	9	dec09	2	dec02
95XX06S2	6	dec06	5	dec05	6	dec06	5	dec05	5	dec05	6	dec06	10	dec10-lowd	4	dec04
95XX07S1	9	dec09	7	dec07	7	dec07	9	dec09	6	dec06	7	dec07	10	dec10-lowd	8	dec08
95XX07S2	10	dec10-lowd	9	dec09	9	dec09	9	dec09	10	dec10-lowd	9	dec09	8	dec08	8	dec08
95XX08S1	9	dec09	8	dec08	9	dec09	10	dec10-lowd	10	dec10-lowd	9	dec09	1	dec01-highd	9	dec09
95XX08S2	9	dec09	8	dec08	8	dec08	9	dec09	10	dec10-lowd	5	dec05	10	dec10-lowd	6	dec06
95XX09S1	9	dec09	9	dec09	8	dec08	7	dec07	8	dec08	8	dec08	9	dec09	8	dec08
95XX09S2	9	dec09	8	dec08	8	dec08	8	dec08	9	dec09	7	dec07	8	dec08	8	dec08
95XX10S1	4	dec04	2	dec02	5	dec05	5	dec05	5	dec05	5	dec05	6	dec06	4	dec04
95XX10S2	8	dec08	7	dec07	9	dec09	8	dec08	8	dec08	5	dec05	10	dec10-lowd	2	dec02
95XX10S3	4	dec04	4	dec04	5	dec05	5	dec05	2	dec02	7	dec07	9	dec09	6	dec06
95XX11S1	6	dec06	4	dec04	7	dec07	6	dec06	5	dec05	4	dec04	10	dec10-lowd	5	dec05
95XX11S2	7	dec07	6	dec06	8	dec08	6	dec06	6	dec06	4	dec04	10	dec10-lowd	4	dec04
95XX11S3	2	dec02	2	dec02	3	dec03	1	dec01-highd	3	dec03	5	dec05	10	dec10-lowd	2	dec02
95XX12W1	9	dec09	9	dec09	9	dec09	10	dec10-lowd	10	dec10-lowd	3	dec03	3	dec03	7	dec07
95XX13W1	10	dec10-lowd	10	dec10-lowd	10	dec10-lowd	10	dec10-lowd	10	dec10-lowd	3	dec03	5	dec05	8	dec08
95XX14W1	9	dec09	9	dec09	10	dec10-lowd	10	dec10-lowd	10	dec10-lowd	4	dec04	1	dec01-highd	7	dec07
95XX15W1	4	dec04	5	dec05	3	dec03	3	dec03	3	dec03	6	dec06	10	dec10-lowd	3	dec03
95XX16W1	9	dec09	8	dec08	8	dec08	8	dec08	9	dec09	4	dec04	10	dec10-lowd	9	dec09
95XX17S1	2	dec02	2	dec02	3	dec03	4	dec04	4	dec04	9	dec09	1	dec01-highd	1	dec01-highd
95XX17S2	8	dec08	6	dec06	7	dec07	9	dec09	9	dec09	9	dec09	1	dec01-highd	2	dec02
95XX18W1	8	dec08	5	dec05	9	dec09	8	dec08	8	dec08	8	dec08	2	dec02	5	dec05
95XX19W1	10	dec10-lowd	9	dec09	10	dec10-lowd	10	dec10-lowd	10	dec10-lowd	5	dec05	5	dec05	6	dec06
95XX20S1	3	dec03	2	dec02	4	dec04	4	dec04	4	dec04	5	dec05	8	dec08	5	dec05
95XX20S2	6	dec06	3	dec03	10	dec10-lowd	10	dec10-lowd	2	dec02	7	dec07	3	dec03	8	dec08
95XX21W1	10	dec10-lowd	8	dec08	8	dec08	10	dec10-lowd	10	dec10-lowd	7	dec07	7	dec07	7	dec07
95XX22W1	6	dec06	4	dec04	6	dec06	7	dec07	6	dec06	8	dec08	5	dec05	3	dec03
95XX23W1	6	dec06	6	dec06	7	dec07	5	dec05	3	dec03	7	dec07	9	dec09	4	dec04
95XX24S1	10	dec10-lowd	10	dec10-lowd	9	dec09	9	dec09	9	dec09	5	dec05	9	dec09	10	dec10-lowd
95XX24S2	9	dec09	7	dec07	7	dec07	8	dec08	7	dec07	8	dec08	7	dec07	9	dec09
95XX25W1	3	dec03	2	dec02	4	dec04	4	dec04	2	dec02	8	dec08	9	dec09	3	dec03
95YY01W1	5	dec05	5	dec05	6	dec06	5	dec05	6	dec06	2	dec02	2	dec02	7	dec07
95YY02W1	4	dec04	5	dec05	2	dec02	2	dec02	6	dec06	6	dec06	10	dec10-lowd	5	dec05
95YY03W1	6	dec06	5	dec05	7	dec07	6	dec06	8	dec08	1	dec01-highd	7	dec07	10	dec10-lowd
95YY04W1	5	dec05	6	dec06	4	dec04	3	dec03	6	dec06	5	dec05	9	dec09	6	dec06
95YY05W1	4	dec04	5	dec05	3	dec03	3	dec03	7	dec07	7	dec07	3	dec03	2	dec02
95YY06W1	5	dec05	8	dec08	4	dec04	3	dec03	7	dec07	1	dec01-highd	6	dec06	6	dec06
95YY07W1	5	dec05	4	dec04	5	dec05	4	dec04	8	dec08	1	dec01-highd	6	dec06	10	dec10-lowd
95YY08W1	4	dec04	4	dec04	5	dec05	5	dec05	6	dec06	1	dec01-highd	3	dec03	8	dec08
95YY09W1	4	dec04	7	dec07	3	dec03	3	dec03	7	dec07	6	dec06	2	dec02	2	dec02
95YY10W1	6	dec06	6	dec06	7	dec07	8	dec08	10	dec10-lowd	1	dec01-highd	4	dec04	10	dec10-lowd
95YY11W1	2	dec02	2	dec02	2	dec02	3	dec03	5	dec05	3	dec03	4	dec04	4	dec04
95YY12W1	7	dec07	6	dec06	7	dec07	6	dec06	8	dec08	2	dec02	7	dec07	7	dec07
95YY13S1	6	dec06	8	dec08	5	dec05	3	dec03	5	dec05	6	dec06	8	dec08	9	dec09
95YY13S2	3	dec03	5	dec05	2	dec02	2	dec02	3	dec03	6	dec06	7	dec07	4	dec04
95YY14S1	3	dec03	3	dec03	4	dec04	2	dec02	5	dec05	4	dec04	4	dec04	5	dec05
95YY14S2	5	dec05	6	dec06	4	dec04	3	dec03	5	dec05	4	dec04	10	dec10-lowd	8	dec08
95YY15S1	1	dec01-highd	1	dec01-highd	1	dec01-highd	1	dec01-highd	3	dec03	9	dec09	2	dec02	3	dec03
95YY15S2	1	dec01-highd	1	dec01-highd	1	dec01-highd	1	dec01-highd	2	dec02	6	dec06	4	dec04	2	dec02
95YY16W1	6	dec06	7	dec07	6	dec06	6	dec06	7	dec07	1	dec01-highd	4	dec04	10	dec10-lowd
95YY17W1	3	dec03	3	dec03	5	dec05	5	dec05	8	dec08	1	dec01-highd	4	dec04	10	dec10-lowd
95YY18W1	4	dec04	5	dec05	5	dec05	5	dec05	6	dec06	1	dec01-highd	2	dec02	10	dec10-lowd
95YY19W1	2	dec02	3	dec03	2	dec02	2	dec02	3	dec03	6	dec06	4	dec04	3	dec03
95YY20W1	4	dec04	3	dec03	4	dec04	4	dec04	8	dec08	1	dec01-highd	3	dec03	9	dec09
95YY21W1	5	dec05	5	dec05	7	dec07	7	dec07	9	dec09	1	dec01-highd	1	dec01-highd	9	dec09
95ZZ01W1	5	dec05	4	dec04	5	dec05	5	dec05	4	dec04	3	dec03	8	dec08	7	dec07
95ZZ02W1	1	dec01-highd	1	dec01-highd	1	dec01-highd	1	dec01-highd	2	dec02	8	dec08	8	dec08	2	dec02
95ZZ03W1	2	dec02	3	dec03	1	dec01-highd	2	dec02	3	dec03	5	dec05	6	dec06	4	dec04
95ZZ04W1	4	dec04	4	dec04	4	dec04	5	dec05	6	dec06	1	dec01-highd	5	dec05	10	dec10-lowd
95ZZ05W1	2	dec02	1	dec01-highd	3	dec03	4	dec04	5	dec05	1	dec01-highd	3	dec03	8	dec08
95ZZ06W1	1	dec01-highd	1	dec01-highd	1	dec01-highd	1	dec01-highd	1	dec01-highd	7	dec07	2	dec02	1	dec01-highd
95ZZ07W1	2	dec02	1	dec01-highd	3	dec03	4	dec04	3	dec03	3	dec03	8	dec08	7	dec07
95ZZ08W1	2	dec02	1	dec01-highd	2	dec02	3	dec03	3	dec03	1	dec01-highd	5	dec05	8	dec08
95ZZ09W1	3	dec03	4	dec04	2	dec02	3	dec03	3	dec03	2	dec02	6	dec06	4	dec04
95ZZ10W1	2	dec02	1	dec01-highd	2	dec02	3	dec03	4	dec04	5	dec05	4	dec04	2	dec02
95ZZ11W1	4	dec04	5	dec05	5	dec05	6	dec06	7	dec07	1	dec01-highd	4	dec04	10	dec10-lowd
95ZZ12W1	2	dec02	4	dec04	2	dec02	2	dec02	3	dec03	4	dec04	2	dec02	3	dec03
95ZZ13W1	4	dec04	4	dec04	5	dec05	5	dec05	6	dec06	1	dec01-highd	2	dec02	10	dec10-lowd
95ZZ14S1	3	dec03	5	dec05	2	dec02	2	dec02	3	dec03	5	dec05	8	dec08	5	dec05
95ZZ14S2	6	dec06	6	dec06	4	dec04	5	dec05	5	dec05	6	dec06	9	dec09	6	dec06
95ZZ15W1	3	dec03	3	dec03	4	dec04	4	dec04	4	dec04	2	dec02	6	dec06	7	dec07
95ZZ16S1	3	dec03	2	dec02	3	dec03	4	dec04	3	dec03	4	dec04	9	dec09	6	dec06
95ZZ16S2	2	dec02	4	dec04	1	dec01-highd	2	dec02	3	dec03	8	dec08	8	dec08	2	dec02
